Datetime,p.u. loading,overloaded
2017/01/15 01:00:00,6.840956322144179,True
2017/01/15 03:00:00,10.84614180512445,True
2017/01/15 05:00:00,14.458173929602838,True
2017/01/15 07:00:00,19.800361685585962,True
2017/01/15 09:00:00,21.451467881324593,True
2017/01/15 11:00:00,19.192609589288157,True
2017/01/15 13:00:00,7.100106468512974,True
2017/01/15 15:00:00,11.269045193186978,True
2017/01/15 17:00:00,18.247188566797956,True
2017/01/15 19:00:00,21.152292390769635,True
2017/01/15 21:00:00,23.160297733290776,True
2017/01/15 23:00:00,19.600133149385748,True
