{
  "id": "8",
  "name": "Hospital 1",
  "directory_name": "C:/urbanopt-example-reopt-project/run/baseline_scenario/8",
  "feature_type": "Building",
  "timesteps_per_hour": 1,
  "simulation_status": "Complete",
  "timeseries_csv": {
    "path": "C:/urbanopt-example-reopt-project/run/baseline_scenario/8/011_default_feature_reports/default_feature_reports.csv",
    "first_report_datetime": "0",
    "column_names": [
      "Datetime",
      "Electricity:Facility(kWh)",
      "ElectricityProduced:Facility()",
      "Gas:Facility(kBtu)",
      "DistrictCooling:Facility()",
      "DistrictHeating:Facility()",
      "District Cooling Chilled Water Rate()",
      "District Cooling Mass Flow Rate()",
      "District Cooling Inlet Temperature()",
      "District Cooling Outlet Temperature()",
      "District Heating Hot Water Rate()",
      "District Heating Mass Flow Rate()",
      "District Heating Inlet Temperature()",
      "District Heating Outlet Temperature()",
      "Zone Thermal Comfort Fanger Model PMV()",
      "Zone Thermal Comfort Fanger Model PPD()",
      "Net Electric Energy(kWh)",
      "Electricity:Facility Power(kW)",
      "ElectricityProduced:Facility Power(kW)",
      "Electricity:Facility Apparent Power(kW)",
      "ElectricityProduced:Facility Apparent Power(kW)",
      "Net Power(kW)",
      "Net Apparent Power(kW)"
    ]
  },
  "location": {
    "latitude": 42.93,
    "longitude": -78.73,
    "surface_elevation": 215.0
  },
  "program": {
    "floor_area": 402984.0143013619,
    "conditioned_area": 402984.0143013619,
    "unconditioned_area": 0.0,
    "footprint_area": 402984.0143013619,
    "maximum_roof_height": 30.0,
    "maximum_number_of_stories": 10,
    "number_of_residential_units": 1,
    "building_types": [
      {
        "building_type": "Outpatient",
        "floor_area": 402984.01012219547,
        "maximum_occupancy": 4499.70538666074
      }
    ],
    "window_area": {
      "north_window_area": 6426.269796984038,
      "south_window_area": 6320.030001171113,
      "east_window_area": 7096.000303111718,
      "west_window_area": 7096.107942215885,
      "total_window_area": 26938.408043482752
    },
    "wall_area": {
      "north_wall_area": 21421.042842085684,
      "south_wall_area": 21066.80255027177,
      "east_wall_area": 23653.262584302945,
      "west_wall_area": 23653.800779823785,
      "total_wall_area": 89794.90875648419
    },
    "roof_area": {
      "total_roof_area": 161193.6040488782
    },
    "orientation": 0.0,
    "aspect_ratio": 0.9056274061871433
  },
  "construction_costs": [

  ],
  "reporting_periods": [
    {
      "start_date": {
        "month": 1,
        "day_of_month": 1,
        "year": "2019"
      },
      "end_date": {
        "month": 12,
        "day_of_month": 31,
        "year": "2019"
      },
      "total_site_energy": 48128504.1677209,
      "total_source_energy": 113858341.90833704,
      "net_site_energy": 48128504.1677209,
      "net_source_energy": 113858341.90833704,
      "electricity": 29614517.489675988,
      "natural_gas": 18513977.199873716,
      "additional_fuel": 0.0,
      "district_cooling": 0.0,
      "district_heating": 0.0,
      "water": 21484.84,
      "electricity_produced": 29614521.28094447,
      "end_uses": {
        "electricity": {
          "heating": 0.0,
          "cooling": 5447218.728495072,
          "interior_lighting": 5930747.632422911,
          "exterior_lighting": 1873559.5798945376,
          "interior_equipment": 11985488.70052521,
          "exterior_equipment": 0.0,
          "fans": 2630277.812410284,
          "pumps": 1442189.0520975403,
          "heat_rejection": 305035.9838304349,
          "humidification": 0.0,
          "heat_recovery": 0.0,
          "water_systems": 0.0,
          "refrigeration": 0.0,
          "generators": 0.0
        },
        "natural_gas": {
          "heating": 15248349.137203805,
          "cooling": 0.0,
          "interior_lighting": 0.0,
          "exterior_lighting": 0.0,
          "interior_equipment": 1943423.179832832,
          "exterior_equipment": 0.0,
          "fans": 0.0,
          "pumps": 0.0,
          "heat_rejection": 0.0,
          "humidification": 0.0,
          "heat_recovery": 0.0,
          "water_systems": 1322204.8828370776,
          "refrigeration": 0.0,
          "generators": 0.0
        },
        "additional_fuel": {
          "heating": 0.0,
          "cooling": 0.0,
          "interior_lighting": 0.0,
          "exterior_lighting": 0.0,
          "interior_equipment": 0.0,
          "exterior_equipment": 0.0,
          "fans": 0.0,
          "pumps": 0.0,
          "heat_rejection": 0.0,
          "humidification": 0.0,
          "heat_recovery": 0.0,
          "water_systems": 0.0,
          "refrigeration": 0.0,
          "generators": 0.0
        },
        "district_cooling": {
          "heating": 0.0,
          "cooling": 0.0,
          "interior_lighting": 0.0,
          "exterior_lighting": 0.0,
          "interior_equipment": 0.0,
          "exterior_equipment": 0.0,
          "fans": 0.0,
          "pumps": 0.0,
          "heat_rejection": 0.0,
          "humidification": 0.0,
          "heat_recovery": 0.0,
          "water_systems": 0.0,
          "refrigeration": 0.0,
          "generators": 0.0
        },
        "district_heating": {
          "heating": 0.0,
          "cooling": 0.0,
          "interior_lighting": 0.0,
          "exterior_lighting": 0.0,
          "interior_equipment": 0.0,
          "exterior_equipment": 0.0,
          "fans": 0.0,
          "pumps": 0.0,
          "heat_rejection": 0.0,
          "humidification": 0.0,
          "heat_recovery": 0.0,
          "water_systems": 0.0,
          "refrigeration": 0.0,
          "generators": 0.0
        },
        "water": {
          "heating": 0.0,
          "cooling": 0.0,
          "interior_lighting": 0.0,
          "exterior_lighting": 0.0,
          "interior_equipment": 0.0,
          "exterior_equipment": 0.0,
          "fans": 0.0,
          "pumps": 0.0,
          "heat_rejection": 15325406.669085277,
          "humidification": 0.0,
          "heat_recovery": 0.0,
          "water_systems": 5038292.5101070935,
          "refrigeration": 0.0,
          "generators": 0.0
        }
      },
      "energy_production": {
        "electricity_produced": {
          "photovoltaic": 0.0
        }
      },
      "utility_costs": [
        {

        }
      ],
      "comfort_result": {
        "time_setpoint_not_met_during_occupied_cooling": 1182.0,
        "time_setpoint_not_met_during_occupied_heating": 1110.0,
        "time_setpoint_not_met_during_occupied_hours": 2292.0,
        "hours_out_of_comfort_bounds_PMV": 0.0,
        "hours_out_of_comfort_bounds_PPD": 0.0
      }
    }
  ],
  "distributed_generation": {
    "solar_pv": [

    ],
    "wind": [

    ],
    "generator": [

    ],
    "storage": [

    ]
  },
  "power_distribution": {

  }
}
