Time,BUILDING STORY 1 THERMALZONE PSZ-AC:DesPer 1:Des Heat Mass Flow [kg/s],BUILDING STORY 1 THERMALZONE PSZ-AC:DesPer 1:Des Heat Cap [W],BUILDING STORY 1 THERMALZONE PSZ-AC:DesPer 1:Des Cool Mass Flow [kg/s],BUILDING STORY 1 THERMALZONE PSZ-AC:DesPer 1:Des Sens Cool Cap [W],BUILDING STORY 1 THERMALZONE PSZ-AC:DesPer 1:Des Tot Cool Cap [W],BUILDING STORY 1 THERMALZONE PSZ-AC:DesPer 2:Des Heat Mass Flow [kg/s],BUILDING STORY 1 THERMALZONE PSZ-AC:DesPer 2:Des Heat Cap [W],BUILDING STORY 1 THERMALZONE PSZ-AC:DesPer 2:Des Cool Mass Flow [kg/s],BUILDING STORY 1 THERMALZONE PSZ-AC:DesPer 2:Des Sens Cool Cap [W],BUILDING STORY 1 THERMALZONE PSZ-AC:DesPer 2:Des Tot Cool Cap [W],BUILDING STORY 1 THERMALZONE PSZ-AC:DesPer 3:Des Heat Mass Flow [kg/s],BUILDING STORY 1 THERMALZONE PSZ-AC:DesPer 3:Des Heat Cap [W],BUILDING STORY 1 THERMALZONE PSZ-AC:DesPer 3:Des Cool Mass Flow [kg/s],BUILDING STORY 1 THERMALZONE PSZ-AC:DesPer 3:Des Sens Cool Cap [W],BUILDING STORY 1 THERMALZONE PSZ-AC:DesPer 3:Des Tot Cool Cap [W],BUILDING STORY 2 THERMALZONE PSZ-AC:DesPer 1:Des Heat Mass Flow [kg/s],BUILDING STORY 2 THERMALZONE PSZ-AC:DesPer 1:Des Heat Cap [W],BUILDING STORY 2 THERMALZONE PSZ-AC:DesPer 1:Des Cool Mass Flow [kg/s],BUILDING STORY 2 THERMALZONE PSZ-AC:DesPer 1:Des Sens Cool Cap [W],BUILDING STORY 2 THERMALZONE PSZ-AC:DesPer 1:Des Tot Cool Cap [W],BUILDING STORY 2 THERMALZONE PSZ-AC:DesPer 2:Des Heat Mass Flow [kg/s],BUILDING STORY 2 THERMALZONE PSZ-AC:DesPer 2:Des Heat Cap [W],BUILDING STORY 2 THERMALZONE PSZ-AC:DesPer 2:Des Cool Mass Flow [kg/s],BUILDING STORY 2 THERMALZONE PSZ-AC:DesPer 2:Des Sens Cool Cap [W],BUILDING STORY 2 THERMALZONE PSZ-AC:DesPer 2:Des Tot Cool Cap [W],BUILDING STORY 2 THERMALZONE PSZ-AC:DesPer 3:Des Heat Mass Flow [kg/s],BUILDING STORY 2 THERMALZONE PSZ-AC:DesPer 3:Des Heat Cap [W],BUILDING STORY 2 THERMALZONE PSZ-AC:DesPer 3:Des Cool Mass Flow [kg/s],BUILDING STORY 2 THERMALZONE PSZ-AC:DesPer 3:Des Sens Cool Cap [W],BUILDING STORY 2 THERMALZONE PSZ-AC:DesPer 3:Des Tot Cool Cap [W],BUILDING STORY 3 THERMALZONE PSZ-AC:DesPer 1:Des Heat Mass Flow [kg/s],BUILDING STORY 3 THERMALZONE PSZ-AC:DesPer 1:Des Heat Cap [W],BUILDING STORY 3 THERMALZONE PSZ-AC:DesPer 1:Des Cool Mass Flow [kg/s],BUILDING STORY 3 THERMALZONE PSZ-AC:DesPer 1:Des Sens Cool Cap [W],BUILDING STORY 3 THERMALZONE PSZ-AC:DesPer 1:Des Tot Cool Cap [W],BUILDING STORY 3 THERMALZONE PSZ-AC:DesPer 2:Des Heat Mass Flow [kg/s],BUILDING STORY 3 THERMALZONE PSZ-AC:DesPer 2:Des Heat Cap [W],BUILDING STORY 3 THERMALZONE PSZ-AC:DesPer 2:Des Cool Mass Flow [kg/s],BUILDING STORY 3 THERMALZONE PSZ-AC:DesPer 2:Des Sens Cool Cap [W],BUILDING STORY 3 THERMALZONE PSZ-AC:DesPer 2:Des Tot Cool Cap [W],BUILDING STORY 3 THERMALZONE PSZ-AC:DesPer 3:Des Heat Mass Flow [kg/s],BUILDING STORY 3 THERMALZONE PSZ-AC:DesPer 3:Des Heat Cap [W],BUILDING STORY 3 THERMALZONE PSZ-AC:DesPer 3:Des Cool Mass Flow [kg/s],BUILDING STORY 3 THERMALZONE PSZ-AC:DesPer 3:Des Sens Cool Cap [W],BUILDING STORY 3 THERMALZONE PSZ-AC:DesPer 3:Des Tot Cool Cap [W]
01:00:00,1.836527E+00,5.145853E+04,7.852547E+00,9.709552E+04,1.667878E+05,1.836527E+00,5.607215E+04,7.773882E+00,9.143705E+04,1.675585E+05,1.836527E+00,1.223533E+05,1.836527E+00,0.000000E+00,0.000000E+00,4.230800E+00,1.185448E+05,4.230800E+00,3.970010E+04,9.243675E+04,4.230800E+00,1.291732E+05,4.230800E+00,2.907171E+04,9.632186E+04,4.230800E+00,2.818649E+05,4.230800E+00,0.000000E+00,0.000000E+00,4.230800E+00,1.185448E+05,4.230800E+00,3.970010E+04,9.243675E+04,4.230800E+00,1.291732E+05,4.230800E+00,2.907171E+04,9.632186E+04,4.230800E+00,2.818649E+05,4.230800E+00,0.000000E+00,0.000000E+00
02:00:00,1.836527E+00,5.214504E+04,2.400418E+00,2.604049E+04,5.834317E+04,1.836527E+00,5.675866E+04,2.362756E+00,2.079191E+04,5.728723E+04,1.836527E+00,1.223533E+05,1.836527E+00,0.000000E+00,0.000000E+00,4.230800E+00,1.201263E+05,4.230800E+00,3.811860E+04,9.081619E+04,4.230800E+00,1.307547E+05,4.230800E+00,2.749021E+04,9.099883E+04,4.230800E+00,2.818649E+05,4.230800E+00,0.000000E+00,0.000000E+00,4.230800E+00,1.201263E+05,4.230800E+00,3.811860E+04,9.081619E+04,4.230800E+00,1.307547E+05,4.230800E+00,2.749021E+04,9.099883E+04,4.230800E+00,2.818649E+05,4.230800E+00,0.000000E+00,0.000000E+00
03:00:00,1.836527E+00,5.265992E+04,3.114172E+00,3.812064E+04,8.884039E+04,1.836527E+00,5.727354E+04,3.057825E+00,3.253277E+04,8.596286E+04,1.836527E+00,1.223533E+05,1.836527E+00,0.000000E+00,0.000000E+00,4.230800E+00,1.213124E+05,4.230800E+00,3.693247E+04,8.960084E+04,4.230800E+00,1.319408E+05,4.230800E+00,2.630408E+04,8.705927E+04,4.230800E+00,2.818649E+05,4.230800E+00,0.000000E+00,0.000000E+00,4.230800E+00,1.213124E+05,4.230800E+00,3.693247E+04,8.960084E+04,4.230800E+00,1.319408E+05,4.230800E+00,2.630408E+04,8.705927E+04,4.230800E+00,2.818649E+05,4.230800E+00,0.000000E+00,0.000000E+00
04:00:00,1.836527E+00,5.317480E+04,3.224821E+00,3.944914E+04,9.273446E+04,1.836527E+00,5.778842E+04,3.168404E+00,3.386225E+04,8.879174E+04,1.836527E+00,1.223533E+05,1.836527E+00,0.000000E+00,0.000000E+00,4.230800E+00,1.224986E+05,4.230800E+00,3.574634E+04,8.838541E+04,4.230800E+00,1.331269E+05,4.230800E+00,2.511795E+04,8.316415E+04,4.230800E+00,2.818649E+05,4.230800E+00,0.000000E+00,0.000000E+00,4.230800E+00,1.224986E+05,4.230800E+00,3.574634E+04,8.838541E+04,4.230800E+00,1.331269E+05,4.230800E+00,2.511795E+04,8.316415E+04,4.230800E+00,2.818649E+05,4.230800E+00,0.000000E+00,0.000000E+00
05:00:00,1.836527E+00,5.351805E+04,3.423484E+00,4.252710E+04,9.849214E+04,1.836527E+00,5.813168E+04,3.366022E+00,3.691973E+04,9.390616E+04,1.836527E+00,1.223533E+05,1.836527E+00,0.000000E+00,0.000000E+00,4.230800E+00,1.232893E+05,4.230800E+00,3.495559E+04,8.757520E+04,4.230800E+00,1.339177E+05,4.230800E+00,2.432720E+04,8.059178E+04,4.230800E+00,2.818649E+05,4.230800E+00,0.000000E+00,0.000000E+00,4.230800E+00,1.232893E+05,4.230800E+00,3.495559E+04,8.757520E+04,4.230800E+00,1.339177E+05,4.230800E+00,2.432720E+04,8.059178E+04,4.230800E+00,2.818649E+05,4.230800E+00,0.000000E+00,0.000000E+00
06:00:00,1.836527E+00,5.317480E+04,4.090846E+00,5.384870E+04,1.177810E+05,1.836527E+00,5.778842E+04,4.028991E+00,4.818047E+04,1.140805E+05,1.836527E+00,1.223533E+05,1.836527E+00,0.000000E+00,0.000000E+00,4.230800E+00,1.224986E+05,4.230800E+00,3.574634E+04,8.838541E+04,4.230800E+00,1.331269E+05,4.230800E+00,2.511795E+04,8.316415E+04,4.230800E+00,2.818649E+05,4.230800E+00,0.000000E+00,0.000000E+00,4.230800E+00,1.224986E+05,4.230800E+00,3.574634E+04,8.838541E+04,4.230800E+00,1.331269E+05,4.230800E+00,2.511795E+04,8.316415E+04,4.230800E+00,2.818649E+05,4.230800E+00,0.000000E+00,0.000000E+00
07:00:00,1.836527E+00,5.197341E+04,8.893821E+00,1.129629E+05,2.003770E+05,1.836527E+00,5.658704E+04,8.811791E+00,1.072253E+05,2.000073E+05,1.836527E+00,1.223533E+05,1.836527E+00,0.000000E+00,0.000000E+00,4.230800E+00,1.197309E+05,5.189936E+00,4.986374E+04,1.232014E+05,4.230800E+00,1.303593E+05,5.585273E+00,4.391393E+04,1.362220E+05,4.230800E+00,2.818649E+05,4.230800E+00,0.000000E+00,0.000000E+00,4.230800E+00,1.197309E+05,6.878640E+00,6.986549E+04,1.682265E+05,4.230800E+00,1.303593E+05,6.486480E+00,5.458891E+04,1.601855E+05,4.230800E+00,2.818649E+05,4.230800E+00,0.000000E+00,0.000000E+00
08:00:00,1.836527E+00,4.905575E+04,9.213144E+00,1.175244E+05,1.954907E+05,1.836527E+00,5.366938E+04,9.123069E+00,1.117149E+05,2.019874E+05,1.836527E+00,1.223533E+05,1.836527E+00,0.000000E+00,0.000000E+00,4.230800E+00,1.130095E+05,9.718154E+00,1.069977E+05,2.449597E+05,4.230800E+00,1.236379E+05,9.581743E+00,9.483745E+04,2.527927E+05,4.230800E+00,2.818649E+05,4.230800E+00,0.000000E+00,0.000000E+00,4.230800E+00,1.130095E+05,1.001869E+01,1.103914E+05,2.294861E+05,4.230800E+00,1.236379E+05,9.841637E+00,9.776711E+04,2.475227E+05,4.230800E+00,2.818649E+05,4.230800E+00,0.000000E+00,0.000000E+00
09:00:00,1.836527E+00,4.579484E+04,9.189756E+00,1.203898E+05,1.884751E+05,1.836527E+00,5.040847E+04,9.102384E+00,1.146164E+05,2.020817E+05,1.836527E+00,1.223533E+05,1.836527E+00,0.000000E+00,0.000000E+00,4.230800E+00,1.054974E+05,9.876730E+00,1.161303E+05,1.972687E+05,4.230800E+00,1.161258E+05,9.747599E+00,1.040726E+05,2.269919E+05,4.230800E+00,2.818649E+05,4.230800E+00,0.000000E+00,0.000000E+00,4.230800E+00,1.054974E+05,1.012733E+01,1.190148E+05,1.969200E+05,4.230800E+00,1.161258E+05,9.963181E+00,1.065298E+05,2.293844E+05,4.230800E+00,2.818649E+05,4.230800E+00,0.000000E+00,0.000000E+00
10:00:00,1.836527E+00,4.287719E+04,9.094518E+00,1.220399E+05,1.931334E+05,1.836527E+00,4.749081E+04,9.007249E+00,1.162673E+05,2.070464E+05,1.836527E+00,1.223533E+05,1.836527E+00,0.000000E+00,0.000000E+00,4.230800E+00,9.877599E+04,9.657001E+00,1.204787E+05,1.981256E+05,4.230800E+00,1.094044E+05,9.530017E+00,1.084354E+05,2.309313E+05,4.230800E+00,2.818649E+05,4.230800E+00,0.000000E+00,0.000000E+00,4.230800E+00,9.877599E+04,9.973504E+00,1.240741E+05,2.041458E+05,4.230800E+00,1.094044E+05,9.809552E+00,1.115933E+05,2.359129E+05,4.230800E+00,2.818649E+05,4.230800E+00,0.000000E+00,0.000000E+00
11:00:00,1.836527E+00,4.030278E+04,9.041755E+00,1.239032E+05,1.965462E+05,1.836527E+00,4.491641E+04,8.954946E+00,1.181357E+05,2.105445E+05,1.836527E+00,1.223533E+05,1.836527E+00,0.000000E+00,0.000000E+00,4.230800E+00,9.284535E+04,9.543770E+00,1.251793E+05,2.083277E+05,4.230800E+00,1.034737E+05,9.419945E+00,1.131591E+05,2.410025E+05,4.230800E+00,2.818649E+05,4.230800E+00,0.000000E+00,0.000000E+00,4.230800E+00,9.284535E+04,9.880727E+00,1.289793E+05,2.134213E+05,4.230800E+00,1.034737E+05,9.718153E+00,1.165166E+05,2.454627E+05,4.230800E+00,2.818649E+05,4.230800E+00,0.000000E+00,0.000000E+00
12:00:00,1.836527E+00,3.858652E+04,8.945569E+00,1.243354E+05,1.960820E+05,1.836527E+00,4.320014E+04,8.859501E+00,1.185772E+05,2.100578E+05,1.836527E+00,1.223533E+05,1.836527E+00,0.000000E+00,0.000000E+00,4.230800E+00,8.889159E+04,9.393934E+00,1.274462E+05,2.098026E+05,4.230800E+00,9.951998E+04,9.272174E+00,1.154454E+05,2.422117E+05,4.230800E+00,2.818649E+05,4.230800E+00,0.000000E+00,0.000000E+00,4.230800E+00,8.889159E+04,9.739855E+00,1.313412E+05,2.144515E+05,4.230800E+00,9.951998E+04,9.579249E+00,1.189011E+05,2.465918E+05,4.230800E+00,2.818649E+05,4.230800E+00,0.000000E+00,0.000000E+00
13:00:00,1.836527E+00,3.721350E+04,8.880511E+00,1.248450E+05,1.963473E+05,1.836527E+00,4.182713E+04,8.794760E+00,1.190910E+05,2.103137E+05,1.836527E+00,1.223533E+05,1.836527E+00,0.000000E+00,0.000000E+00,4.230800E+00,8.572858E+04,9.281866E+00,1.293489E+05,2.106171E+05,4.230800E+00,9.635697E+04,9.160955E+00,1.173571E+05,2.430541E+05,4.230800E+00,2.818649E+05,4.230800E+00,0.000000E+00,0.000000E+00,4.230800E+00,8.572858E+04,9.639607E+00,1.333765E+05,2.156292E+05,4.230800E+00,9.635697E+04,9.480369E+00,1.209518E+05,2.477431E+05,4.230800E+00,2.818649E+05,4.230800E+00,0.000000E+00,0.000000E+00
14:00:00,1.836527E+00,3.635537E+04,8.848848E+00,1.252831E+05,1.970128E+05,1.836527E+00,4.096899E+04,8.763235E+00,1.195309E+05,2.109859E+05,1.836527E+00,1.223533E+05,1.836527E+00,0.000000E+00,0.000000E+00,4.230800E+00,8.375170E+04,9.207126E+00,1.304870E+05,2.116791E+05,4.230800E+00,9.438009E+04,9.086781E+00,1.185013E+05,2.441610E+05,4.230800E+00,2.818649E+05,4.230800E+00,0.000000E+00,0.000000E+00,4.230800E+00,8.375170E+04,9.582061E+00,1.347075E+05,2.170484E+05,4.230800E+00,9.438009E+04,9.423763E+00,1.222934E+05,2.491605E+05,4.230800E+00,2.818649E+05,4.230800E+00,0.000000E+00,0.000000E+00
15:00:00,1.836527E+00,3.635537E+04,8.805768E+00,1.247108E+05,1.963700E+05,1.836527E+00,4.096899E+04,8.720621E+00,1.189648E+05,2.103500E+05,1.836527E+00,1.223533E+05,1.836527E+00,0.000000E+00,0.000000E+00,4.230800E+00,8.375170E+04,9.120965E+00,1.295176E+05,2.105617E+05,4.230800E+00,9.438009E+04,9.001542E+00,1.175421E+05,2.430451E+05,4.230800E+00,2.818649E+05,4.230800E+00,0.000000E+00,0.000000E+00,4.230800E+00,8.375170E+04,9.510172E+00,1.338982E+05,2.161182E+05,4.230800E+00,9.438009E+04,9.353100E+00,1.214980E+05,2.482406E+05,4.230800E+00,2.818649E+05,4.230800E+00,0.000000E+00,0.000000E+00
16:00:00,1.836527E+00,3.738513E+04,8.755722E+00,1.230170E+05,1.945012E+05,1.836527E+00,4.199875E+04,8.671100E+00,1.172780E+05,2.084834E+05,1.836527E+00,1.223533E+05,1.836527E+00,0.000000E+00,0.000000E+00,4.230800E+00,8.612396E+04,9.139440E+00,1.273527E+05,2.086920E+05,4.230800E+00,9.675235E+04,9.020713E+00,1.153850E+05,2.411811E+05,4.230800E+00,2.818649E+05,4.230800E+00,0.000000E+00,0.000000E+00,4.230800E+00,8.612396E+04,9.423630E+00,1.305516E+05,2.124324E+05,4.230800E+00,9.675235E+04,9.267779E+00,1.181653E+05,2.445503E+05,4.230800E+00,2.818649E+05,4.230800E+00,0.000000E+00,0.000000E+00
17:00:00,1.836527E+00,3.875814E+04,8.804098E+00,1.222850E+05,1.943344E+05,1.836527E+00,4.337177E+04,8.719464E+00,1.165458E+05,2.083258E+05,1.836527E+00,1.223533E+05,1.836527E+00,0.000000E+00,0.000000E+00,4.230800E+00,8.928697E+04,9.113023E+00,1.238911E+05,2.049992E+05,4.230800E+00,9.991535E+04,8.994513E+00,1.119258E+05,2.374737E+05,4.230800E+00,2.818649E+05,4.230800E+00,0.000000E+00,0.000000E+00,4.230800E+00,8.928697E+04,9.369069E+00,1.267744E+05,2.085173E+05,4.230800E+00,9.991535E+04,9.213770E+00,1.143943E+05,2.406240E+05,4.230800E+00,2.818649E+05,4.230800E+00,0.000000E+00,0.000000E+00
18:00:00,1.836527E+00,4.047441E+04,8.768630E+00,1.200968E+05,1.917069E+05,1.836527E+00,4.508804E+04,8.684329E+00,1.143620E+05,2.056946E+05,1.836527E+00,1.223533E+05,1.836527E+00,0.000000E+00,0.000000E+00,4.230800E+00,9.324073E+04,9.027345E+00,1.189733E+05,1.995433E+05,4.230800E+00,1.038691E+05,8.909493E+00,1.070154E+05,2.319981E+05,4.230800E+00,2.818649E+05,4.230800E+00,0.000000E+00,0.000000E+00,4.230800E+00,9.324073E+04,9.271077E+00,1.217175E+05,2.030094E+05,4.230800E+00,1.038691E+05,9.116729E+00,1.093482E+05,2.350986E+05,4.230800E+00,2.818649E+05,4.230800E+00,0.000000E+00,0.000000E+00
19:00:00,1.836527E+00,4.304881E+04,8.668732E+00,1.161991E+05,1.871306E+05,1.836527E+00,4.766244E+04,8.585499E+00,1.104785E+05,2.011206E+05,1.836527E+00,1.223533E+05,1.836527E+00,0.000000E+00,0.000000E+00,4.230800E+00,9.917137E+04,8.919503E+00,1.118296E+05,1.918751E+05,4.230800E+00,1.097998E+05,8.803193E+00,9.988916E+04,2.243164E+05,4.230800E+00,2.818649E+05,4.230800E+00,0.000000E+00,0.000000E+00,4.230800E+00,9.917137E+04,9.115041E+00,1.140311E+05,1.945767E+05,4.230800E+00,1.097998E+05,8.962547E+00,1.016827E+05,2.266431E+05,4.230800E+00,2.818649E+05,4.230800E+00,0.000000E+00,0.000000E+00
20:00:00,1.836527E+00,4.493671E+04,8.354942E+00,1.101534E+05,1.793119E+05,1.836527E+00,4.955033E+04,8.274309E+00,1.044674E+05,1.933056E+05,1.836527E+00,1.223533E+05,1.836527E+00,0.000000E+00,0.000000E+00,4.230800E+00,1.035205E+05,8.668633E+00,1.046578E+05,1.834692E+05,4.230800E+00,1.141489E+05,8.555970E+00,9.275856E+04,2.159074E+05,4.230800E+00,2.818649E+05,4.230800E+00,0.000000E+00,0.000000E+00,4.230800E+00,1.035205E+05,8.680256E+00,1.047899E+05,1.831914E+05,4.230800E+00,1.141489E+05,8.532096E+00,9.249067E+04,2.152115E+05,4.230800E+00,2.818649E+05,4.230800E+00,0.000000E+00,0.000000E+00
21:00:00,1.836527E+00,4.648135E+04,8.173621E+00,1.062087E+05,1.754853E+05,1.836527E+00,5.109498E+04,8.094580E+00,1.005439E+05,1.894710E+05,1.836527E+00,1.223533E+05,1.836527E+00,0.000000E+00,0.000000E+00,4.230800E+00,1.070789E+05,8.482919E+00,9.901052E+04,1.772808E+05,4.230800E+00,1.177073E+05,8.372761E+00,8.713954E+04,2.096541E+05,4.230800E+00,2.818649E+05,4.230800E+00,0.000000E+00,0.000000E+00,4.230800E+00,1.070789E+05,8.421791E+00,9.832494E+04,1.761885E+05,4.230800E+00,1.177073E+05,8.276501E+00,8.605818E+04,2.081332E+05,4.230800E+00,2.818649E+05,4.230800E+00,0.000000E+00,0.000000E+00
22:00:00,1.836527E+00,4.802599E+04,8.081184E+00,1.034366E+05,1.731700E+05,1.836527E+00,5.263962E+04,8.002408E+00,9.777522E+04,1.829837E+05,1.836527E+00,1.223533E+05,1.836527E+00,0.000000E+00,0.000000E+00,4.230800E+00,1.106373E+05,8.368643E+00,9.416540E+04,1.722443E+05,4.230800E+00,1.212657E+05,8.259446E+00,8.230521E+04,1.949980E+05,4.230800E+00,2.818649E+05,4.230800E+00,0.000000E+00,0.000000E+00,4.230800E+00,1.106373E+05,8.277143E+00,9.313720E+04,1.708901E+05,4.230800E+00,1.212657E+05,8.132924E+00,8.088249E+04,1.932112E+05,4.230800E+00,2.818649E+05,4.230800E+00,0.000000E+00,0.000000E+00
23:00:00,1.836527E+00,4.922738E+04,8.010724E+00,1.012979E+05,1.710479E+05,1.836527E+00,5.384101E+04,7.932061E+00,9.563795E+04,1.776275E+05,1.836527E+00,1.223533E+05,1.836527E+00,0.000000E+00,0.000000E+00,4.230800E+00,1.134049E+05,8.274915E+00,9.034166E+04,1.681405E+05,4.230800E+00,1.240333E+05,8.166736E+00,7.849290E+04,1.836212E+05,4.230800E+00,2.818649E+05,4.230800E+00,0.000000E+00,0.000000E+00,4.230800E+00,1.134049E+05,8.158883E+00,8.903654E+04,1.664419E+05,4.230800E+00,1.240333E+05,8.015851E+00,7.679516E+04,1.814692E+05,4.230800E+00,2.818649E+05,4.230800E+00,0.000000E+00,0.000000E+00
24:00:00,1.836527E+00,5.042877E+04,7.948385E+00,9.926817E+04,1.688818E+05,1.836527E+00,5.504239E+04,7.869848E+00,9.361025E+04,1.723319E+05,1.836527E+00,1.223533E+05,1.836527E+00,0.000000E+00,0.000000E+00,4.230800E+00,1.161725E+05,8.189200E+00,8.660851E+04,1.640733E+05,4.230800E+00,1.268009E+05,8.082631E+00,7.477808E+04,1.725510E+05,4.230800E+00,2.818649E+05,4.230800E+00,0.000000E+00,0.000000E+00,4.230800E+00,1.161725E+05,8.052329E+00,8.506848E+04,1.620561E+05,4.230800E+00,1.268009E+05,7.910668E+00,7.284276E+04,1.700516E+05,4.230800E+00,2.818649E+05,4.230800E+00,0.000000E+00,0.000000E+00
Coinc Peak   ,1.836527E+00,9.213144E+00,1.223533E+05,1.252831E+05,4.230800E+00,9.876730E+00,2.818649E+05,1.304870E+05,4.230800E+00,1.012733E+01,2.818649E+05,1.347075E+05
NonCoinc Peak,1.836527E+00,9.213144E+00,1.223533E+05,1.252831E+05,4.230800E+00,9.876730E+00,2.818649E+05,1.304870E+05,4.230800E+00,1.012733E+01,2.818649E+05,1.347075E+05
