{
  "id": "9",
  "name": "Hospital 2",
  "directory_name": "C:/urbanopt-example-reopt-project/run/baseline_scenario/9",
  "feature_type": "Building",
  "timesteps_per_hour": 1,
  "simulation_status": "Complete",
  "timeseries_csv": {
    "path": "C:/urbanopt-example-reopt-project/run/baseline_scenario/9/011_default_feature_reports/default_feature_reports.csv",
    "first_report_datetime": "0",
    "column_names": [
      "Datetime",
      "Electricity:Facility(kWh)",
      "ElectricityProduced:Facility()",
      "Gas:Facility(kBtu)",
      "DistrictCooling:Facility()",
      "DistrictHeating:Facility()",
      "District Cooling Chilled Water Rate()",
      "District Cooling Mass Flow Rate()",
      "District Cooling Inlet Temperature()",
      "District Cooling Outlet Temperature()",
      "District Heating Hot Water Rate()",
      "District Heating Mass Flow Rate()",
      "District Heating Inlet Temperature()",
      "District Heating Outlet Temperature()",
      "Zone Thermal Comfort Fanger Model PMV()",
      "Zone Thermal Comfort Fanger Model PPD()",
      "Net Electric Energy(kWh)",
      "Electricity:Facility Power(kW)",
      "ElectricityProduced:Facility Power(kW)",
      "Electricity:Facility Apparent Power(kW)",
      "ElectricityProduced:Facility Apparent Power(kW)",
      "Net Power(kW)",
      "Net Apparent Power(kW)"
    ]
  },
  "location": {
    "latitude": 42.93,
    "longitude": -78.73,
    "surface_elevation": 215.0
  },
  "program": {
    "floor_area": 286820.1083624389,
    "conditioned_area": 286820.1083624389,
    "unconditioned_area": 0.0,
    "footprint_area": 286820.1083624389,
    "maximum_roof_height": 9.0,
    "maximum_number_of_stories": 3,
    "number_of_residential_units": 1,
    "building_types": [
      {
        "building_type": "Hospital",
        "floor_area": 286820.073738364,
        "maximum_occupancy": 902.5644649377572
      }
    ],
    "window_area": {
      "north_window_area": 4030.869172849457,
      "south_window_area": 4006.758013516027,
      "east_window_area": 3654.3475864729508,
      "west_window_area": 3661.8823237646475,
      "total_window_area": 15353.857096603082
    },
    "wall_area": {
      "north_wall_area": 13436.05117765791,
      "south_wall_area": 13356.075323261757,
      "east_wall_area": 12181.086862173725,
      "west_wall_area": 12206.166773444658,
      "total_wall_area": 51179.38013653804
    },
    "roof_area": {
      "total_roof_area": 95606.6912461213
    },
    "orientation": 0.0,
    "aspect_ratio": 1.1030256437445876
  },
  "construction_costs": [

  ],
  "reporting_periods": [
    {
      "start_date": {
        "month": 1,
        "day_of_month": 1,
        "year": "2019"
      },
      "end_date": {
        "month": 12,
        "day_of_month": 31,
        "year": "2019"
      },
      "total_site_energy": 30966436.439234886,
      "total_source_energy": 79289925.54494666,
      "net_site_energy": 30966436.439234886,
      "net_source_energy": 79289925.54494666,
      "electricity": 21950221.822371222,
      "natural_gas": 9016214.616863664,
      "additional_fuel": 0.0,
      "district_cooling": 0.0,
      "district_heating": 0.0,
      "water": 12522.49,
      "electricity_produced": 21950219.926736984,
      "end_uses": {
        "electricity": {
          "heating": 0.0,
          "cooling": 3545888.1069753543,
          "interior_lighting": 4649478.971012165,
          "exterior_lighting": 315044.9326209435,
          "interior_equipment": 9093812.404503716,
          "exterior_equipment": 0.0,
          "fans": 3009726.918356517,
          "pumps": 516380.24531789834,
          "heat_rejection": 132438.48622137983,
          "humidification": 0.0,
          "heat_recovery": 0.0,
          "water_systems": 687451.757363249,
          "refrigeration": 0.0,
          "generators": 0.0
        },
        "natural_gas": {
          "heating": 4267660.322265149,
          "cooling": 0.0,
          "interior_lighting": 0.0,
          "exterior_lighting": 0.0,
          "interior_equipment": 3457997.0254087006,
          "exterior_equipment": 0.0,
          "fans": 0.0,
          "pumps": 0.0,
          "heat_rejection": 0.0,
          "humidification": 0.0,
          "heat_recovery": 0.0,
          "water_systems": 1290547.791018613,
          "refrigeration": 0.0,
          "generators": 0.0
        },
        "additional_fuel": {
          "heating": 0.0,
          "cooling": 0.0,
          "interior_lighting": 0.0,
          "exterior_lighting": 0.0,
          "interior_equipment": 0.0,
          "exterior_equipment": 0.0,
          "fans": 0.0,
          "pumps": 0.0,
          "heat_rejection": 0.0,
          "humidification": 0.0,
          "heat_recovery": 0.0,
          "water_systems": 0.0,
          "refrigeration": 0.0,
          "generators": 0.0
        },
        "district_cooling": {
          "heating": 0.0,
          "cooling": 0.0,
          "interior_lighting": 0.0,
          "exterior_lighting": 0.0,
          "interior_equipment": 0.0,
          "exterior_equipment": 0.0,
          "fans": 0.0,
          "pumps": 0.0,
          "heat_rejection": 0.0,
          "humidification": 0.0,
          "heat_recovery": 0.0,
          "water_systems": 0.0,
          "refrigeration": 0.0,
          "generators": 0.0
        },
        "district_heating": {
          "heating": 0.0,
          "cooling": 0.0,
          "interior_lighting": 0.0,
          "exterior_lighting": 0.0,
          "interior_equipment": 0.0,
          "exterior_equipment": 0.0,
          "fans": 0.0,
          "pumps": 0.0,
          "heat_rejection": 0.0,
          "humidification": 0.0,
          "heat_recovery": 0.0,
          "water_systems": 0.0,
          "refrigeration": 0.0,
          "generators": 0.0
        },
        "water": {
          "heating": 0.0,
          "cooling": 0.0,
          "interior_lighting": 0.0,
          "exterior_lighting": 0.0,
          "interior_equipment": 0.0,
          "exterior_equipment": 0.0,
          "fans": 0.0,
          "pumps": 0.0,
          "heat_rejection": 6685409.101787576,
          "humidification": 0.0,
          "heat_recovery": 0.0,
          "water_systems": 5183621.309164735,
          "refrigeration": 0.0,
          "generators": 0.0
        }
      },
      "energy_production": {
        "electricity_produced": {
          "photovoltaic": 0.0
        }
      },
      "utility_costs": [
        {

        }
      ],
      "comfort_result": {
        "time_setpoint_not_met_during_occupied_cooling": 1571.0,
        "time_setpoint_not_met_during_occupied_heating": 200.0,
        "time_setpoint_not_met_during_occupied_hours": 1771.0,
        "hours_out_of_comfort_bounds_PMV": 0.0,
        "hours_out_of_comfort_bounds_PPD": 0.0
      }
    }
  ],
  "distributed_generation": {
    "solar_pv": [

    ],
    "wind": [

    ],
    "generator": [

    ],
    "storage": [

    ]
  },
  "power_distribution": {

  }
}
