{
  "id": "10",
  "name": "Mixed use 2",
  "directory_name": "C:/urbanopt-example-reopt-project/run/baseline_scenario/10",
  "feature_type": "Building",
  "timesteps_per_hour": 1,
  "simulation_status": "Complete",
  "timeseries_csv": {
    "path": "C:/urbanopt-example-reopt-project/run/baseline_scenario/10/011_default_feature_reports/default_feature_reports.csv",
    "first_report_datetime": "0",
    "column_names": [
      "Datetime",
      "Electricity:Facility(kWh)",
      "ElectricityProduced:Facility()",
      "Gas:Facility(kBtu)",
      "DistrictCooling:Facility()",
      "DistrictHeating:Facility()",
      "District Cooling Chilled Water Rate()",
      "District Cooling Mass Flow Rate()",
      "District Cooling Inlet Temperature()",
      "District Cooling Outlet Temperature()",
      "District Heating Hot Water Rate()",
      "District Heating Mass Flow Rate()",
      "District Heating Inlet Temperature()",
      "District Heating Outlet Temperature()",
      "Zone Thermal Comfort Fanger Model PMV BUILDING STORY 1 THERMALZONE OFFICE WHOLEBUILDING - MD OFFICE PEOPLE 1()",
      "Zone Thermal Comfort Fanger Model PMV BUILDING STORY 2 THERMALZONE OFFICE WHOLEBUILDING - MD OFFICE PEOPLE 2()",
      "Zone Thermal Comfort Fanger Model PMV BUILDING STORY 2 THERMALZONE STRIPMALL STRIP MALL - TYPE 1 PEOPLE 1()",
      "Zone Thermal Comfort Fanger Model PMV BUILDING STORY 2 THERMALZONE STRIPMALL STRIP MALL - TYPE 2 PEOPLE 1()",
      "Zone Thermal Comfort Fanger Model PMV BUILDING STORY 3 THERMALZONE FULLSERVICERESTAURANT DINING PEOPLE 2()",
      "Zone Thermal Comfort Fanger Model PMV BUILDING STORY 4 THERMALZONE LARGEHOTEL GUESTROOM PEOPLE 1()",
      "Zone Thermal Comfort Fanger Model PMV BUILDING STORY 4 THERMALZONE LARGEHOTEL LOBBY PEOPLE 2()",
      "Zone Thermal Comfort Fanger Model PMV BUILDING STORY 5 THERMALZONE FULLSERVICERESTAURANT DINING PEOPLE 1()",
      "Zone Thermal Comfort Fanger Model PMV BUILDING STORY 5 THERMALZONE FULLSERVICERESTAURANT KITCHEN PEOPLE 1()",
      "Zone Thermal Comfort Fanger Model PMV BUILDING STORY 5 THERMALZONE STRIPMALL STRIP MALL - TYPE 3 PEOPLE 2()",
      "Zone Thermal Comfort Fanger Model PMV BUILDING STORY 6 THERMALZONE FULLSERVICERESTAURANT DINING PEOPLE 3()",
      "Zone Thermal Comfort Fanger Model PMV BUILDING STORY 6 THERMALZONE LARGEHOTEL BANQUET PEOPLE 1()",
      "Zone Thermal Comfort Fanger Model PMV BUILDING STORY 6 THERMALZONE LARGEHOTEL CAFE PEOPLE 1()",
      "Zone Thermal Comfort Fanger Model PMV BUILDING STORY 6 THERMALZONE LARGEHOTEL KITCHEN PEOPLE 1()",
      "Zone Thermal Comfort Fanger Model PMV BUILDING STORY 6 THERMALZONE LARGEHOTEL LAUNDRY PEOPLE 1()",
      "Zone Thermal Comfort Fanger Model PMV BUILDING STORY 6 THERMALZONE LARGEHOTEL LOBBY PEOPLE 1()",
      "Zone Thermal Comfort Fanger Model PMV BUILDING STORY 6 THERMALZONE LARGEHOTEL RETAIL PEOPLE 1()",
      "Zone Thermal Comfort Fanger Model PMV BUILDING STORY 7 THERMALZONE LARGEHOTEL GUESTROOM PEOPLE 2()",
      "Zone Thermal Comfort Fanger Model PMV BUILDING STORY 8 THERMALZONE STRIPMALL STRIP MALL - TYPE 2 PEOPLE 2()",
      "Zone Thermal Comfort Fanger Model PMV BUILDING STORY 8 THERMALZONE STRIPMALL STRIP MALL - TYPE 3 PEOPLE 1()",
      "Zone Thermal Comfort Fanger Model PPD BUILDING STORY 1 THERMALZONE OFFICE WHOLEBUILDING - MD OFFICE PEOPLE 1()",
      "Zone Thermal Comfort Fanger Model PPD BUILDING STORY 2 THERMALZONE OFFICE WHOLEBUILDING - MD OFFICE PEOPLE 2()",
      "Zone Thermal Comfort Fanger Model PPD BUILDING STORY 2 THERMALZONE STRIPMALL STRIP MALL - TYPE 1 PEOPLE 1()",
      "Zone Thermal Comfort Fanger Model PPD BUILDING STORY 2 THERMALZONE STRIPMALL STRIP MALL - TYPE 2 PEOPLE 1()",
      "Zone Thermal Comfort Fanger Model PPD BUILDING STORY 3 THERMALZONE FULLSERVICERESTAURANT DINING PEOPLE 2()",
      "Zone Thermal Comfort Fanger Model PPD BUILDING STORY 4 THERMALZONE LARGEHOTEL GUESTROOM PEOPLE 1()",
      "Zone Thermal Comfort Fanger Model PPD BUILDING STORY 4 THERMALZONE LARGEHOTEL LOBBY PEOPLE 2()",
      "Zone Thermal Comfort Fanger Model PPD BUILDING STORY 5 THERMALZONE FULLSERVICERESTAURANT DINING PEOPLE 1()",
      "Zone Thermal Comfort Fanger Model PPD BUILDING STORY 5 THERMALZONE FULLSERVICERESTAURANT KITCHEN PEOPLE 1()",
      "Zone Thermal Comfort Fanger Model PPD BUILDING STORY 5 THERMALZONE STRIPMALL STRIP MALL - TYPE 3 PEOPLE 2()",
      "Zone Thermal Comfort Fanger Model PPD BUILDING STORY 6 THERMALZONE FULLSERVICERESTAURANT DINING PEOPLE 3()",
      "Zone Thermal Comfort Fanger Model PPD BUILDING STORY 6 THERMALZONE LARGEHOTEL BANQUET PEOPLE 1()",
      "Zone Thermal Comfort Fanger Model PPD BUILDING STORY 6 THERMALZONE LARGEHOTEL CAFE PEOPLE 1()",
      "Zone Thermal Comfort Fanger Model PPD BUILDING STORY 6 THERMALZONE LARGEHOTEL KITCHEN PEOPLE 1()",
      "Zone Thermal Comfort Fanger Model PPD BUILDING STORY 6 THERMALZONE LARGEHOTEL LAUNDRY PEOPLE 1()",
      "Zone Thermal Comfort Fanger Model PPD BUILDING STORY 6 THERMALZONE LARGEHOTEL LOBBY PEOPLE 1()",
      "Zone Thermal Comfort Fanger Model PPD BUILDING STORY 6 THERMALZONE LARGEHOTEL RETAIL PEOPLE 1()",
      "Zone Thermal Comfort Fanger Model PPD BUILDING STORY 7 THERMALZONE LARGEHOTEL GUESTROOM PEOPLE 2()",
      "Zone Thermal Comfort Fanger Model PPD BUILDING STORY 8 THERMALZONE STRIPMALL STRIP MALL - TYPE 2 PEOPLE 2()",
      "Zone Thermal Comfort Fanger Model PPD BUILDING STORY 8 THERMALZONE STRIPMALL STRIP MALL - TYPE 3 PEOPLE 1()",
      "Net Electric Energy(kWh)",
      "Electricity:Facility Power(kW)",
      "ElectricityProduced:Facility Power(kW)",
      "Electricity:Facility Apparent Power(kW)",
      "ElectricityProduced:Facility Apparent Power(kW)",
      "Net Power(kW)",
      "Net Apparent Power(kW)"
    ]
  },
  "location": {
    "latitude": 42.93,
    "longitude": -78.73,
    "surface_elevation": 215.0
  },
  "program": {
    "floor_area": 1277711.4720896108,
    "conditioned_area": 1277711.4720896108,
    "unconditioned_area": 0.0,
    "footprint_area": 1277711.4720896108,
    "maximum_roof_height": 24.0,
    "maximum_number_of_stories": 8,
    "number_of_residential_units": 1,
    "building_types": [
      {
        "building_type": "Office",
        "floor_area": 159713.92876533183,
        "maximum_occupancy": 798.569643826659
      },
      {
        "building_type": "StripMall",
        "floor_area": 319427.85753066366,
        "maximum_occupancy": 7989.75126849006
      },
      {
        "building_type": "LargeHotel",
        "floor_area": 479141.78629599547,
        "maximum_occupancy": 2459.5945029861105
      },
      {
        "building_type": "FullServiceRestaurant",
        "floor_area": 319427.85753066366,
        "maximum_occupancy": 14715.402540722633
      }
    ],
    "window_area": {
      "north_window_area": 10951.202457960471,
      "south_window_area": 10809.011201355735,
      "east_window_area": 16715.168847004363,
      "west_window_area": 16682.661837545897,
      "total_window_area": 55158.044343866466
    },
    "wall_area": {
      "north_wall_area": 36503.86467439601,
      "south_wall_area": 36030.03733785245,
      "east_wall_area": 55717.33712911871,
      "west_wall_area": 55609.0521903266,
      "total_wall_area": 183860.29133169376
    },
    "roof_area": {
      "total_roof_area": 479141.7862959955
    },
    "orientation": 0.0,
    "aspect_ratio": 0.6551616885387467
  },
  "construction_costs": [

  ],
  "reporting_periods": [
    {
      "start_date": {
        "month": 1,
        "day_of_month": 1,
        "year": "2019"
      },
      "end_date": {
        "month": 12,
        "day_of_month": 31,
        "year": "2019"
      },
      "total_site_energy": 215048795.22403687,
      "total_source_energy": 440546876.11633754,
      "net_site_energy": 215048795.22403687,
      "net_source_energy": 440546876.11633754,
      "electricity": 99584244.51093209,
      "natural_gas": 115464550.7131048,
      "additional_fuel": 0.0,
      "district_cooling": 0.0,
      "district_heating": 0.0,
      "water": 154848.57,
      "electricity_produced": 99584245.4587492,
      "end_uses": {
        "electricity": {
          "heating": 0.0,
          "cooling": 18497646.310890716,
          "interior_lighting": 16049538.949004652,
          "exterior_lighting": 3287115.0767874126,
          "interior_equipment": 34284516.70134294,
          "exterior_equipment": 0.0,
          "fans": 11030344.95387187,
          "pumps": 5148466.772172315,
          "heat_rejection": 669945.575151062,
          "humidification": 0.0,
          "heat_recovery": 0.0,
          "water_systems": 10616689.12805353,
          "refrigeration": 0.0,
          "generators": 0.0
        },
        "natural_gas": {
          "heating": 46374966.66977165,
          "cooling": 0.0,
          "interior_lighting": 0.0,
          "exterior_lighting": 0.0,
          "interior_equipment": 33386659.021441333,
          "exterior_equipment": 0.0,
          "fans": 0.0,
          "pumps": 0.0,
          "heat_rejection": 0.0,
          "humidification": 0.0,
          "heat_recovery": 0.0,
          "water_systems": 35702925.02189182,
          "refrigeration": 0.0,
          "generators": 0.0
        },
        "additional_fuel": {
          "heating": 0.0,
          "cooling": 0.0,
          "interior_lighting": 0.0,
          "exterior_lighting": 0.0,
          "interior_equipment": 0.0,
          "exterior_equipment": 0.0,
          "fans": 0.0,
          "pumps": 0.0,
          "heat_rejection": 0.0,
          "humidification": 0.0,
          "heat_recovery": 0.0,
          "water_systems": 0.0,
          "refrigeration": 0.0,
          "generators": 0.0
        },
        "district_cooling": {
          "heating": 0.0,
          "cooling": 0.0,
          "interior_lighting": 0.0,
          "exterior_lighting": 0.0,
          "interior_equipment": 0.0,
          "exterior_equipment": 0.0,
          "fans": 0.0,
          "pumps": 0.0,
          "heat_rejection": 0.0,
          "humidification": 0.0,
          "heat_recovery": 0.0,
          "water_systems": 0.0,
          "refrigeration": 0.0,
          "generators": 0.0
        },
        "district_heating": {
          "heating": 0.0,
          "cooling": 0.0,
          "interior_lighting": 0.0,
          "exterior_lighting": 0.0,
          "interior_equipment": 0.0,
          "exterior_equipment": 0.0,
          "fans": 0.0,
          "pumps": 0.0,
          "heat_rejection": 0.0,
          "humidification": 0.0,
          "heat_recovery": 0.0,
          "water_systems": 0.0,
          "refrigeration": 0.0,
          "generators": 0.0
        },
        "water": {
          "heating": 0.0,
          "cooling": 0.0,
          "interior_lighting": 0.0,
          "exterior_lighting": 0.0,
          "interior_equipment": 0.0,
          "exterior_equipment": 0.0,
          "fans": 0.0,
          "pumps": 0.0,
          "heat_rejection": 47767357.41036792,
          "humidification": 0.0,
          "heat_recovery": 0.0,
          "water_systems": 99000768.29166721,
          "refrigeration": 0.0,
          "generators": 0.0
        }
      },
      "energy_production": {
        "electricity_produced": {
          "photovoltaic": 0.0
        }
      },
      "utility_costs": [
        {

        }
      ],
      "comfort_result": {
        "time_setpoint_not_met_during_occupied_cooling": 0.0,
        "time_setpoint_not_met_during_occupied_heating": 252.0,
        "time_setpoint_not_met_during_occupied_hours": 252.0,
        "hours_out_of_comfort_bounds_PMV": 2303.0,
        "hours_out_of_comfort_bounds_PPD": 1186.0
      }
    }
  ],
  "distributed_generation": {
    "solar_pv": [

    ],
    "wind": [

    ],
    "generator": [

    ],
    "storage": [

    ]
  },
  "power_distribution": {

  }
}
