Time,BUILDING STORY 1 THERMALZONE:BUFFALO NIAGARA INTL AP ANN HTG 99.6% CONDNS DB 1:Des Heat Load [W],BUILDING STORY 1 THERMALZONE:BUFFALO NIAGARA INTL AP ANN CLG .4% CONDNS DB=>MWB 1:Des Sens Cool Load [W],BUILDING STORY 1 THERMALZONE:BUFFALO NIAGARA INTL AP ANN HTG 99.6% CONDNS DB 1:Des Heat Mass Flow [kg/s],BUILDING STORY 1 THERMALZONE:BUFFALO NIAGARA INTL AP ANN CLG .4% CONDNS DB=>MWB 1:Des Cool Mass Flow [kg/s],BUILDING STORY 2 THERMALZONE:BUFFALO NIAGARA INTL AP ANN HTG 99.6% CONDNS DB 1:Des Heat Load [W],BUILDING STORY 2 THERMALZONE:BUFFALO NIAGARA INTL AP ANN CLG .4% CONDNS DB=>MWB 1:Des Sens Cool Load [W],BUILDING STORY 2 THERMALZONE:BUFFALO NIAGARA INTL AP ANN HTG 99.6% CONDNS DB 1:Des Heat Mass Flow [kg/s],BUILDING STORY 2 THERMALZONE:BUFFALO NIAGARA INTL AP ANN CLG .4% CONDNS DB=>MWB 1:Des Cool Mass Flow [kg/s],BUILDING STORY 3 THERMALZONE:BUFFALO NIAGARA INTL AP ANN HTG 99.6% CONDNS DB 1:Des Heat Load [W],BUILDING STORY 3 THERMALZONE:BUFFALO NIAGARA INTL AP ANN CLG .4% CONDNS DB=>MWB 1:Des Sens Cool Load [W],BUILDING STORY 3 THERMALZONE:BUFFALO NIAGARA INTL AP ANN HTG 99.6% CONDNS DB 1:Des Heat Mass Flow [kg/s],BUILDING STORY 3 THERMALZONE:BUFFALO NIAGARA INTL AP ANN CLG .4% CONDNS DB=>MWB 1:Des Cool Mass Flow [kg/s],BUILDING STORY 4 THERMALZONE:BUFFALO NIAGARA INTL AP ANN HTG 99.6% CONDNS DB 1:Des Heat Load [W],BUILDING STORY 4 THERMALZONE:BUFFALO NIAGARA INTL AP ANN CLG .4% CONDNS DB=>MWB 1:Des Sens Cool Load [W],BUILDING STORY 4 THERMALZONE:BUFFALO NIAGARA INTL AP ANN HTG 99.6% CONDNS DB 1:Des Heat Mass Flow [kg/s],BUILDING STORY 4 THERMALZONE:BUFFALO NIAGARA INTL AP ANN CLG .4% CONDNS DB=>MWB 1:Des Cool Mass Flow [kg/s],BUILDING STORY 5 THERMALZONE:BUFFALO NIAGARA INTL AP ANN HTG 99.6% CONDNS DB 1:Des Heat Load [W],BUILDING STORY 5 THERMALZONE:BUFFALO NIAGARA INTL AP ANN CLG .4% CONDNS DB=>MWB 1:Des Sens Cool Load [W],BUILDING STORY 5 THERMALZONE:BUFFALO NIAGARA INTL AP ANN HTG 99.6% CONDNS DB 1:Des Heat Mass Flow [kg/s],BUILDING STORY 5 THERMALZONE:BUFFALO NIAGARA INTL AP ANN CLG .4% CONDNS DB=>MWB 1:Des Cool Mass Flow [kg/s],BUILDING STORY 6 THERMALZONE:BUFFALO NIAGARA INTL AP ANN HTG 99.6% CONDNS DB 1:Des Heat Load [W],BUILDING STORY 6 THERMALZONE:BUFFALO NIAGARA INTL AP ANN CLG .4% CONDNS DB=>MWB 1:Des Sens Cool Load [W],BUILDING STORY 6 THERMALZONE:BUFFALO NIAGARA INTL AP ANN HTG 99.6% CONDNS DB 1:Des Heat Mass Flow [kg/s],BUILDING STORY 6 THERMALZONE:BUFFALO NIAGARA INTL AP ANN CLG .4% CONDNS DB=>MWB 1:Des Cool Mass Flow [kg/s],BUILDING STORY 7 THERMALZONE:BUFFALO NIAGARA INTL AP ANN HTG 99.6% CONDNS DB 1:Des Heat Load [W],BUILDING STORY 7 THERMALZONE:BUFFALO NIAGARA INTL AP ANN CLG .4% CONDNS DB=>MWB 1:Des Sens Cool Load [W],BUILDING STORY 7 THERMALZONE:BUFFALO NIAGARA INTL AP ANN HTG 99.6% CONDNS DB 1:Des Heat Mass Flow [kg/s],BUILDING STORY 7 THERMALZONE:BUFFALO NIAGARA INTL AP ANN CLG .4% CONDNS DB=>MWB 1:Des Cool Mass Flow [kg/s],BUILDING STORY 8 THERMALZONE:BUFFALO NIAGARA INTL AP ANN HTG 99.6% CONDNS DB 1:Des Heat Load [W],BUILDING STORY 8 THERMALZONE:BUFFALO NIAGARA INTL AP ANN CLG .4% CONDNS DB=>MWB 1:Des Sens Cool Load [W],BUILDING STORY 8 THERMALZONE:BUFFALO NIAGARA INTL AP ANN HTG 99.6% CONDNS DB 1:Des Heat Mass Flow [kg/s],BUILDING STORY 8 THERMALZONE:BUFFALO NIAGARA INTL AP ANN CLG .4% CONDNS DB=>MWB 1:Des Cool Mass Flow [kg/s]
01:00:00,0.000000E+00,0.000000E+00,0.000000E+00,0.000000E+00,1.281344E+05,0.000000E+00,6.651760E+00,0.000000E+00,4.091878E+05,1.151250E+05,2.111281E+01,6.558869E+00,1.135944E+05,2.721009E+05,3.855721E+00,3.695422E+01,1.104280E+05,1.305720E+06,5.156474E+00,9.682274E+01,4.790448E+05,1.111398E+06,2.471513E+01,9.708449E+01,8.753614E+04,2.617584E+05,2.971380E+00,3.554906E+01,1.195771E+05,0.000000E+00,4.797447E+00,0.000000E+00
02:00:00,0.000000E+00,0.000000E+00,0.000000E+00,0.000000E+00,0.000000E+00,0.000000E+00,0.000000E+00,0.000000E+00,4.096262E+05,1.878930E+05,2.113627E+01,1.069567E+01,1.137207E+05,2.698085E+05,3.860040E+00,3.664324E+01,1.105145E+05,5.009668E+05,5.160563E+00,2.879612E+01,4.795924E+05,1.104770E+06,2.474459E+01,9.651860E+01,8.755284E+04,2.592293E+05,2.971952E+00,3.520578E+01,1.495998E+05,0.000000E+00,6.001539E+00,0.000000E+00
03:00:00,0.000000E+00,0.000000E+00,0.000000E+00,0.000000E+00,0.000000E+00,0.000000E+00,0.000000E+00,0.000000E+00,4.093957E+05,2.702988E+05,2.112436E+01,1.540044E+01,1.136856E+05,2.678134E+05,3.858847E+00,3.637335E+01,1.104700E+05,6.221497E+05,5.158480E+00,3.559367E+01,4.792964E+05,1.100887E+06,2.472930E+01,9.620766E+01,8.754412E+04,2.569626E+05,2.971655E+00,3.489853E+01,1.715983E+05,0.000000E+00,6.883800E+00,0.000000E+00
04:00:00,0.000000E+00,0.000000E+00,0.000000E+00,0.000000E+00,0.000000E+00,0.000000E+00,0.000000E+00,0.000000E+00,4.092625E+05,3.112546E+05,2.111665E+01,1.775927E+01,1.136701E+05,2.658268E+05,3.858292E+00,3.610483E+01,1.104398E+05,7.755981E+05,5.157025E+00,4.425562E+01,4.791253E+05,1.095146E+06,2.471926E+01,9.574583E+01,8.753814E+04,2.547961E+05,2.971448E+00,3.460502E+01,1.915355E+05,0.000000E+00,7.683256E+00,0.000000E+00
05:00:00,0.000000E+00,0.000000E+00,0.000000E+00,0.000000E+00,0.000000E+00,0.000000E+00,0.000000E+00,0.000000E+00,4.093151E+05,3.344302E+05,2.111829E+01,1.909617E+01,1.136996E+05,2.640895E+05,3.859245E+00,3.586902E+01,1.104479E+05,8.180030E+05,5.157328E+00,4.666366E+01,4.791869E+05,1.090809E+06,2.472089E+01,9.537501E+01,8.753964E+04,2.528495E+05,2.971493E+00,3.434073E+01,2.095092E+05,0.000000E+00,8.403626E+00,0.000000E+00
06:00:00,0.000000E+00,0.000000E+00,0.000000E+00,0.000000E+00,0.000000E+00,4.221266E+03,0.000000E+00,2.488353E-01,4.093453E+05,4.101918E+05,2.111971E+01,2.413934E+01,1.137213E+05,2.702870E+05,3.859977E+00,3.670806E+01,1.104508E+05,9.641610E+05,5.157462E+00,5.673900E+01,4.792214E+05,1.161542E+05,2.472245E+01,6.862837E+00,8.754012E+04,2.584012E+05,2.971509E+00,3.509323E+01,2.257912E+05,0.000000E+00,9.056466E+00,0.000000E+00
07:00:00,5.183508E+04,2.022030E+05,2.453431E+00,1.581546E+01,0.000000E+00,3.377652E+04,0.000000E+00,1.986545E+00,4.095316E+05,9.990228E+05,2.112985E+01,8.074563E+01,1.137864E+05,2.854937E+05,3.862211E+00,3.877356E+01,1.104900E+05,1.679028E+06,5.159328E+00,1.205561E+02,4.794521E+05,1.262720E+06,2.473510E+01,1.034920E+02,8.754762E+04,2.725856E+05,2.971767E+00,3.701974E+01,2.407124E+05,9.119134E+03,9.655023E+00,5.363805E-01
08:00:00,1.509151E+05,2.944043E+05,7.558601E+00,2.472463E+01,0.000000E+00,6.158432E+04,0.000000E+00,3.622421E+00,4.098158E+05,1.496204E+06,2.114686E+01,1.302962E+02,1.138721E+05,3.002063E+05,3.865212E+00,4.077315E+01,1.105465E+05,1.627016E+06,5.162106E+00,1.203965E+02,4.798077E+05,1.272848E+06,2.475686E+01,1.107246E+02,8.755857E+04,2.860843E+05,2.972150E+00,3.885379E+01,2.543202E+05,4.511098E+04,1.020193E+01,2.654182E+00
09:00:00,1.721241E+05,2.725160E+05,8.882142E+00,2.377971E+01,0.000000E+00,3.299474E+05,0.000000E+00,2.201431E+01,4.099097E+05,1.383388E+06,2.115319E+01,1.209401E+02,1.139096E+05,3.100643E+05,3.866535E+00,4.211142E+01,1.105634E+05,1.520492E+06,5.162974E+00,1.127896E+02,4.799243E+05,1.202619E+06,2.476505E+01,1.050786E+02,8.756182E+04,2.951507E+05,2.972267E+00,4.008477E+01,6.472165E+05,2.853374E+05,2.847773E+01,1.894124E+01
10:00:00,1.482275E+05,2.581472E+05,7.650395E+00,2.254029E+01,2.409755E+05,8.991210E+05,1.209228E+01,7.564402E+01,4.098443E+05,1.386016E+06,2.114997E+01,1.211603E+02,1.139123E+05,3.146517E+05,3.866633E+00,4.273417E+01,1.105518E+05,1.505465E+06,5.162435E+00,1.116800E+02,4.798389E+05,1.224909E+06,2.476088E+01,1.070365E+02,8.755946E+04,2.994097E+05,2.972187E+00,4.066303E+01,1.087833E+06,1.031883E+06,5.493312E+01,8.694217E+01
11:00:00,1.419136E+05,2.555182E+05,7.324562E+00,2.231078E+01,1.625925E+05,7.351320E+05,8.440336E+00,6.483050E+01,4.091838E+05,1.394281E+06,2.111589E+01,1.218806E+02,1.137645E+05,3.139803E+05,3.861616E+00,4.264296E+01,1.104165E+05,1.487630E+06,5.156119E+00,1.103573E+02,4.790042E+05,1.247538E+06,2.471781E+01,1.090136E+02,8.753301E+04,2.986327E+05,2.971289E+00,4.055749E+01,8.851727E+05,8.567620E+05,4.594131E+01,7.556790E+01
12:00:00,1.374835E+05,2.515761E+05,7.095699E+00,2.196920E+01,1.788718E+05,6.913330E+05,9.285159E+00,6.097195E+01,4.093602E+05,1.396448E+06,2.112102E+01,1.221545E+02,1.138318E+05,3.101827E+05,3.863736E+00,4.212948E+01,1.104574E+05,1.465788E+06,5.157779E+00,1.088012E+02,4.792162E+05,1.262074E+06,2.472308E+01,1.103412E+02,8.754106E+04,2.949714E+05,2.971542E+00,4.006152E+01,8.359420E+05,8.135652E+05,4.338201E+01,7.176649E+01
13:00:00,1.338080E+05,2.498033E+05,6.906054E+00,2.181460E+01,1.623930E+05,6.573309E+05,8.429708E+00,5.796175E+01,4.093859E+05,1.395666E+06,2.112186E+01,1.221170E+02,1.138383E+05,3.113485E+05,3.863948E+00,4.228825E+01,1.104513E+05,1.451422E+06,5.157485E+00,1.077560E+02,4.792488E+05,1.273551E+06,2.472396E+01,1.113638E+02,8.753975E+04,2.959795E+05,2.971497E+00,4.019868E+01,7.936094E+05,7.841896E+05,4.118416E+01,6.916585E+01
14:00:00,1.304892E+05,2.512131E+05,6.734813E+00,2.193782E+01,1.576488E+05,6.433031E+05,8.183724E+00,5.673157E+01,4.094293E+05,1.392569E+06,2.112403E+01,1.218570E+02,1.138626E+05,3.173223E+05,3.864775E+00,4.309978E+01,1.104601E+05,1.444206E+06,5.157893E+00,1.072284E+02,4.793002E+05,1.282747E+06,2.472650E+01,1.121739E+02,8.754146E+04,3.016553E+05,2.971555E+00,4.096962E+01,7.688530E+05,7.707425E+05,3.989762E+01,6.798870E+01
15:00:00,1.274900E+05,2.523282E+05,6.580032E+00,2.203534E+01,1.538345E+05,6.320862E+05,7.985823E+00,5.574855E+01,4.094523E+05,1.383571E+06,2.112522E+01,1.210734E+02,1.138801E+05,3.229906E+05,3.865370E+00,4.386981E+01,1.104635E+05,1.438140E+06,5.158053E+00,1.067819E+02,4.793268E+05,1.285014E+06,2.472786E+01,1.123738E+02,8.754207E+04,3.073421E+05,2.971575E+00,4.174205E+01,7.476253E+05,7.540163E+05,3.879473E+01,6.651965E+01
16:00:00,1.247619E+05,2.520971E+05,6.439232E+00,2.201524E+01,1.503350E+05,6.201452E+05,7.804181E+00,5.469560E+01,4.094710E+05,1.369065E+06,2.112618E+01,1.198050E+02,1.138966E+05,3.263471E+05,3.865929E+00,4.432572E+01,1.104663E+05,1.430777E+06,5.158187E+00,1.062369E+02,4.793478E+05,1.279102E+06,2.472894E+01,1.118566E+02,8.754259E+04,3.112027E+05,2.971593E+00,4.226640E+01,7.283285E+05,7.300162E+05,3.779315E+01,6.440220E+01
17:00:00,1.222957E+05,2.510183E+05,6.311942E+00,2.192104E+01,1.470922E+05,6.077818E+05,7.635839E+00,5.360404E+01,4.094883E+05,1.349361E+06,2.112707E+01,1.180808E+02,1.139125E+05,3.281005E+05,3.866467E+00,4.456381E+01,1.104690E+05,1.422809E+06,5.158311E+00,1.056459E+02,4.793670E+05,1.267151E+06,2.472994E+01,1.108105E+02,8.754307E+04,3.137285E+05,2.971609E+00,4.260942E+01,7.108248E+05,7.017459E+05,3.688491E+01,6.190698E+01
18:00:00,1.200778E+05,2.466453E+05,6.197476E+00,2.153915E+01,1.441079E+05,5.921351E+05,7.480918E+00,5.222376E+01,4.095046E+05,1.321646E+06,2.112791E+01,1.156552E+02,1.139277E+05,3.254275E+05,3.866984E+00,4.420069E+01,1.104715E+05,1.411054E+06,5.158427E+00,1.047733E+02,4.793851E+05,1.247384E+06,2.473087E+01,1.090810E+02,8.754352E+04,3.121698E+05,2.971625E+00,4.239769E+01,6.950497E+05,6.672953E+05,3.606626E+01,5.886749E+01
19:00:00,1.180860E+05,2.358378E+05,6.094672E+00,2.059530E+01,1.413756E+05,5.688890E+05,7.339078E+00,5.017368E+01,4.095200E+05,1.286820E+06,2.112871E+01,1.126073E+02,1.139423E+05,3.142520E+05,3.867480E+00,4.268271E+01,1.104738E+05,1.390545E+06,5.158535E+00,1.032505E+02,4.794022E+05,1.215407E+06,2.473175E+01,1.062838E+02,8.754394E+04,3.025874E+05,2.971639E+00,4.109620E+01,6.808834E+05,6.212518E+05,3.533103E+01,5.480555E+01
20:00:00,1.162974E+05,2.176806E+05,6.002359E+00,1.900952E+01,1.388803E+05,5.370383E+05,7.209542E+00,4.736456E+01,4.095345E+05,1.247976E+06,2.112946E+01,1.092081E+02,1.139564E+05,2.940586E+05,3.867957E+00,3.993986E+01,1.104760E+05,1.360248E+06,5.158637E+00,1.010002E+02,4.794182E+05,1.178756E+06,2.473257E+01,1.030778E+02,8.754434E+04,2.837556E+05,2.971653E+00,3.853846E+01,6.681340E+05,5.714898E+05,3.466933E+01,5.041527E+01
21:00:00,1.146908E+05,2.077702E+05,5.919440E+00,1.814386E+01,1.366024E+05,5.176848E+05,7.091294E+00,4.565752E+01,4.095482E+05,1.223941E+06,2.113016E+01,1.071053E+02,1.139698E+05,2.846279E+05,3.868414E+00,3.865881E+01,1.104780E+05,1.343087E+06,5.158731E+00,9.972531E+01,4.794332E+05,1.157540E+06,2.473335E+01,1.012221E+02,8.754471E+04,2.747349E+05,2.971665E+00,3.731323E+01,6.566586E+05,5.385811E+05,3.407376E+01,4.751188E+01
22:00:00,1.133099E+05,2.025411E+05,5.848314E+00,1.768511E+01,1.346097E+05,5.050363E+05,6.988084E+00,4.453656E+01,4.102736E+05,1.204717E+06,2.117255E+01,1.053209E+02,1.141509E+05,2.806265E+05,3.874746E+00,3.811318E+01,1.106177E+05,1.330060E+06,5.165534E+00,9.867648E+01,4.803483E+05,1.141971E+06,2.478779E+01,9.979424E+01,8.757192E+04,2.708025E+05,2.972612E+00,3.677794E+01,0.000000E+00,0.000000E+00,0.000000E+00,0.000000E+00
23:00:00,0.000000E+00,0.000000E+00,0.000000E+00,0.000000E+00,1.326370E+05,4.861083E+05,6.885638E+00,4.286801E+01,4.099557E+05,1.192026E+06,2.115531E+01,1.042265E+02,1.140954E+05,2.776755E+05,3.872833E+00,3.771274E+01,1.105655E+05,1.322857E+06,5.163054E+00,9.815475E+01,4.799432E+05,1.132064E+06,2.476566E+01,9.893851E+01,8.756165E+04,2.676432E+05,2.972260E+00,3.634907E+01,0.000000E+00,0.000000E+00,0.000000E+00,0.000000E+00
24:00:00,0.000000E+00,0.000000E+00,0.000000E+00,0.000000E+00,1.308304E+05,4.761997E+05,6.791778E+00,4.199560E+01,4.095563E+05,1.180898E+06,2.113326E+01,1.032818E+02,1.140148E+05,2.748443E+05,3.870040E+00,3.732892E+01,1.104891E+05,1.316488E+06,5.159402E+00,9.770497E+01,4.794370E+05,1.122909E+06,2.473747E+01,9.815673E+01,8.754671E+04,2.646287E+05,2.971746E+00,3.594004E+01,5.681816E+04,0.000000E+00,2.284722E+00,0.000000E+00
Peak,1.721241E+05,2.944043E+05,8.882142E+00,2.472463E+01,2.409755E+05,8.991210E+05,1.209228E+01,7.564402E+01,4.102736E+05,1.496204E+06,2.117255E+01,1.302962E+02,1.141509E+05,3.281005E+05,3.874746E+00,4.456381E+01,1.106177E+05,1.679028E+06,5.165534E+00,1.205561E+02,4.803483E+05,1.285014E+06,2.478779E+01,1.123738E+02,8.757192E+04,3.137285E+05,2.972612E+00,4.260942E+01,1.087833E+06,1.031883E+06,5.493312E+01,8.694217E+01

Peak Vol Flow (m3/s),,,7.566190E+00,2.106150E+01,,,1.030072E+01,6.443683E+01,,,1.803569E+01,1.109919E+02,,,3.300675E+00,3.796137E+01,,,4.400224E+00,1.026949E+02,,,2.111531E+01,9.572483E+01,,,2.532198E+00,3.629653E+01,,,4.679439E+01,7.406107E+01
