{
  "id": "12",
  "name": "Mall 1",
  "directory_name": "C:/urbanopt-example-reopt-project/run/baseline_scenario/12",
  "feature_type": "Building",
  "timesteps_per_hour": 1,
  "simulation_status": "Complete",
  "timeseries_csv": {
    "path": "C:/urbanopt-example-reopt-project/run/baseline_scenario/12/011_default_feature_reports/default_feature_reports.csv",
    "first_report_datetime": "0",
    "column_names": [
      "Datetime",
      "Electricity:Facility(kWh)",
      "ElectricityProduced:Facility()",
      "Gas:Facility(kBtu)",
      "DistrictCooling:Facility()",
      "DistrictHeating:Facility()",
      "District Cooling Chilled Water Rate()",
      "District Cooling Mass Flow Rate()",
      "District Cooling Inlet Temperature()",
      "District Cooling Outlet Temperature()",
      "District Heating Hot Water Rate()",
      "District Heating Mass Flow Rate()",
      "District Heating Inlet Temperature()",
      "District Heating Outlet Temperature()",
      "Zone Thermal Comfort Fanger Model PMV BUILDING STORY 1 THERMALZONE STRIPMALL STRIP MALL - TYPE 2 PEOPLE 2()",
      "Zone Thermal Comfort Fanger Model PMV BUILDING STORY 1 THERMALZONE STRIPMALL STRIP MALL - TYPE 3 PEOPLE 1()",
      "Zone Thermal Comfort Fanger Model PMV BUILDING STORY 2 THERMALZONE STRIPMALL STRIP MALL - TYPE 1 PEOPLE 1()",
      "Zone Thermal Comfort Fanger Model PMV BUILDING STORY 2 THERMALZONE STRIPMALL STRIP MALL - TYPE 2 PEOPLE 1()",
      "Zone Thermal Comfort Fanger Model PMV BUILDING STORY 3 THERMALZONE STRIPMALL STRIP MALL - TYPE 3 PEOPLE 2()",
      "Zone Thermal Comfort Fanger Model PPD BUILDING STORY 1 THERMALZONE STRIPMALL STRIP MALL - TYPE 2 PEOPLE 2()",
      "Zone Thermal Comfort Fanger Model PPD BUILDING STORY 1 THERMALZONE STRIPMALL STRIP MALL - TYPE 3 PEOPLE 1()",
      "Zone Thermal Comfort Fanger Model PPD BUILDING STORY 2 THERMALZONE STRIPMALL STRIP MALL - TYPE 1 PEOPLE 1()",
      "Zone Thermal Comfort Fanger Model PPD BUILDING STORY 2 THERMALZONE STRIPMALL STRIP MALL - TYPE 2 PEOPLE 1()",
      "Zone Thermal Comfort Fanger Model PPD BUILDING STORY 3 THERMALZONE STRIPMALL STRIP MALL - TYPE 3 PEOPLE 2()",
      "Net Electric Energy(kWh)",
      "Electricity:Facility Power(kW)",
      "ElectricityProduced:Facility Power(kW)",
      "Electricity:Facility Apparent Power(kW)",
      "ElectricityProduced:Facility Apparent Power(kW)",
      "Net Power(kW)",
      "Net Apparent Power(kW)"
    ]
  },
  "location": {
    "latitude": 42.93,
    "longitude": -78.73,
    "surface_elevation": 215.0
  },
  "program": {
    "floor_area": 374214.77273510105,
    "conditioned_area": 374214.77273510105,
    "unconditioned_area": 0.0,
    "footprint_area": 374214.77273510105,
    "maximum_roof_height": 9.0,
    "maximum_number_of_stories": 3,
    "number_of_residential_units": 1,
    "building_types": [
      {
        "building_type": "StripMall",
        "floor_area": 374214.7775078871,
        "maximum_occupancy": 2993.718220063099
      }
    ],
    "window_area": {
      "north_window_area": 1449.7910940266324,
      "south_window_area": 1449.7910940266324,
      "east_window_area": 6751.339891568672,
      "west_window_area": 6751.339891568672,
      "total_window_area": 16402.26197119061
    },
    "wall_area": {
      "north_wall_area": 4832.565220685997,
      "south_wall_area": 4832.780498894331,
      "east_wall_area": 22504.430425527516,
      "west_wall_area": 22504.53806463168,
      "total_wall_area": 54674.314209739525
    },
    "roof_area": {
      "total_roof_area": 249476.51833859147
    },
    "orientation": 0.0,
    "aspect_ratio": 0.21473839281016677
  },
  "construction_costs": [

  ],
  "reporting_periods": [
    {
      "start_date": {
        "month": 1,
        "day_of_month": 1,
        "year": "2019"
      },
      "end_date": {
        "month": 12,
        "day_of_month": 31,
        "year": "2019"
      },
      "total_site_energy": 27027706.570403274,
      "total_source_energy": 64543464.52929116,
      "net_site_energy": 27027706.570403274,
      "net_source_energy": 64543464.52929116,
      "electricity": 16920516.53537417,
      "natural_gas": 10107190.035029106,
      "additional_fuel": 0.0,
      "district_cooling": 0.0,
      "district_heating": 0.0,
      "water": 11628.95,
      "electricity_produced": 16920513.691922806,
      "end_uses": {
        "electricity": {
          "heating": 0.0,
          "cooling": 3261135.4095196244,
          "interior_lighting": 7676930.069518542,
          "exterior_lighting": 1219423.5943103016,
          "interior_equipment": 2207703.0274897944,
          "exterior_equipment": 0.0,
          "fans": 1593545.968040374,
          "pumps": 846846.1624863396,
          "heat_rejection": 114932.30400919286,
          "humidification": 0.0,
          "heat_recovery": 0.0,
          "water_systems": 0.0,
          "refrigeration": 0.0,
          "generators": 0.0
        },
        "natural_gas": {
          "heating": 9624362.515770297,
          "cooling": 0.0,
          "interior_lighting": 0.0,
          "exterior_lighting": 0.0,
          "interior_equipment": 0.0,
          "exterior_equipment": 0.0,
          "fans": 0.0,
          "pumps": 0.0,
          "heat_rejection": 0.0,
          "humidification": 0.0,
          "heat_recovery": 0.0,
          "water_systems": 482827.51925880695,
          "refrigeration": 0.0,
          "generators": 0.0
        },
        "additional_fuel": {
          "heating": 0.0,
          "cooling": 0.0,
          "interior_lighting": 0.0,
          "exterior_lighting": 0.0,
          "interior_equipment": 0.0,
          "exterior_equipment": 0.0,
          "fans": 0.0,
          "pumps": 0.0,
          "heat_rejection": 0.0,
          "humidification": 0.0,
          "heat_recovery": 0.0,
          "water_systems": 0.0,
          "refrigeration": 0.0,
          "generators": 0.0
        },
        "district_cooling": {
          "heating": 0.0,
          "cooling": 0.0,
          "interior_lighting": 0.0,
          "exterior_lighting": 0.0,
          "interior_equipment": 0.0,
          "exterior_equipment": 0.0,
          "fans": 0.0,
          "pumps": 0.0,
          "heat_rejection": 0.0,
          "humidification": 0.0,
          "heat_recovery": 0.0,
          "water_systems": 0.0,
          "refrigeration": 0.0,
          "generators": 0.0
        },
        "district_heating": {
          "heating": 0.0,
          "cooling": 0.0,
          "interior_lighting": 0.0,
          "exterior_lighting": 0.0,
          "interior_equipment": 0.0,
          "exterior_equipment": 0.0,
          "fans": 0.0,
          "pumps": 0.0,
          "heat_rejection": 0.0,
          "humidification": 0.0,
          "heat_recovery": 0.0,
          "water_systems": 0.0,
          "refrigeration": 0.0,
          "generators": 0.0
        },
        "water": {
          "heating": 0.0,
          "cooling": 0.0,
          "interior_lighting": 0.0,
          "exterior_lighting": 0.0,
          "interior_equipment": 0.0,
          "exterior_equipment": 0.0,
          "fans": 0.0,
          "pumps": 0.0,
          "heat_rejection": 9034535.921799323,
          "humidification": 0.0,
          "heat_recovery": 0.0,
          "water_systems": 1987591.4576394325,
          "refrigeration": 0.0,
          "generators": 0.0
        }
      },
      "energy_production": {
        "electricity_produced": {
          "photovoltaic": 0.0
        }
      },
      "utility_costs": [
        {

        }
      ],
      "comfort_result": {
        "time_setpoint_not_met_during_occupied_cooling": 0.0,
        "time_setpoint_not_met_during_occupied_heating": 140.0,
        "time_setpoint_not_met_during_occupied_hours": 140.0,
        "hours_out_of_comfort_bounds_PMV": 727.0,
        "hours_out_of_comfort_bounds_PPD": 6.0
      }
    }
  ],
  "distributed_generation": {
    "solar_pv": [

    ],
    "wind": [

    ],
    "generator": [

    ],
    "storage": [

    ]
  },
  "power_distribution": {

  }
}
