Time,1 ZONE VAV:DesPer 1:Des Heat Mass Flow [kg/s],1 ZONE VAV:DesPer 1:Des Heat Cap [W],1 ZONE VAV:DesPer 1:Des Cool Mass Flow [kg/s],1 ZONE VAV:DesPer 1:Des Sens Cool Cap [W],1 ZONE VAV:DesPer 1:Des Tot Cool Cap [W],1 ZONE VAV:DesPer 2:Des Heat Mass Flow [kg/s],1 ZONE VAV:DesPer 2:Des Heat Cap [W],1 ZONE VAV:DesPer 2:Des Cool Mass Flow [kg/s],1 ZONE VAV:DesPer 2:Des Sens Cool Cap [W],1 ZONE VAV:DesPer 2:Des Tot Cool Cap [W],1 ZONE VAV:DesPer 3:Des Heat Mass Flow [kg/s],1 ZONE VAV:DesPer 3:Des Heat Cap [W],1 ZONE VAV:DesPer 3:Des Cool Mass Flow [kg/s],1 ZONE VAV:DesPer 3:Des Sens Cool Cap [W],1 ZONE VAV:DesPer 3:Des Tot Cool Cap [W],1 ZONE VAV 1:DesPer 1:Des Heat Mass Flow [kg/s],1 ZONE VAV 1:DesPer 1:Des Heat Cap [W],1 ZONE VAV 1:DesPer 1:Des Cool Mass Flow [kg/s],1 ZONE VAV 1:DesPer 1:Des Sens Cool Cap [W],1 ZONE VAV 1:DesPer 1:Des Tot Cool Cap [W],1 ZONE VAV 1:DesPer 2:Des Heat Mass Flow [kg/s],1 ZONE VAV 1:DesPer 2:Des Heat Cap [W],1 ZONE VAV 1:DesPer 2:Des Cool Mass Flow [kg/s],1 ZONE VAV 1:DesPer 2:Des Sens Cool Cap [W],1 ZONE VAV 1:DesPer 2:Des Tot Cool Cap [W],1 ZONE VAV 1:DesPer 3:Des Heat Mass Flow [kg/s],1 ZONE VAV 1:DesPer 3:Des Heat Cap [W],1 ZONE VAV 1:DesPer 3:Des Cool Mass Flow [kg/s],1 ZONE VAV 1:DesPer 3:Des Sens Cool Cap [W],1 ZONE VAV 1:DesPer 3:Des Tot Cool Cap [W],1 ZONE VAV 2:DesPer 1:Des Heat Mass Flow [kg/s],1 ZONE VAV 2:DesPer 1:Des Heat Cap [W],1 ZONE VAV 2:DesPer 1:Des Cool Mass Flow [kg/s],1 ZONE VAV 2:DesPer 1:Des Sens Cool Cap [W],1 ZONE VAV 2:DesPer 1:Des Tot Cool Cap [W],1 ZONE VAV 2:DesPer 2:Des Heat Mass Flow [kg/s],1 ZONE VAV 2:DesPer 2:Des Heat Cap [W],1 ZONE VAV 2:DesPer 2:Des Cool Mass Flow [kg/s],1 ZONE VAV 2:DesPer 2:Des Sens Cool Cap [W],1 ZONE VAV 2:DesPer 2:Des Tot Cool Cap [W],1 ZONE VAV 2:DesPer 3:Des Heat Mass Flow [kg/s],1 ZONE VAV 2:DesPer 3:Des Heat Cap [W],1 ZONE VAV 2:DesPer 3:Des Cool Mass Flow [kg/s],1 ZONE VAV 2:DesPer 3:Des Sens Cool Cap [W],1 ZONE VAV 2:DesPer 3:Des Tot Cool Cap [W],1 ZONE VAV 3:DesPer 1:Des Heat Mass Flow [kg/s],1 ZONE VAV 3:DesPer 1:Des Heat Cap [W],1 ZONE VAV 3:DesPer 1:Des Cool Mass Flow [kg/s],1 ZONE VAV 3:DesPer 1:Des Sens Cool Cap [W],1 ZONE VAV 3:DesPer 1:Des Tot Cool Cap [W],1 ZONE VAV 3:DesPer 2:Des Heat Mass Flow [kg/s],1 ZONE VAV 3:DesPer 2:Des Heat Cap [W],1 ZONE VAV 3:DesPer 2:Des Cool Mass Flow [kg/s],1 ZONE VAV 3:DesPer 2:Des Sens Cool Cap [W],1 ZONE VAV 3:DesPer 2:Des Tot Cool Cap [W],1 ZONE VAV 3:DesPer 3:Des Heat Mass Flow [kg/s],1 ZONE VAV 3:DesPer 3:Des Heat Cap [W],1 ZONE VAV 3:DesPer 3:Des Cool Mass Flow [kg/s],1 ZONE VAV 3:DesPer 3:Des Sens Cool Cap [W],1 ZONE VAV 3:DesPer 3:Des Tot Cool Cap [W]
01:00:00,8.850914E+00,0.000000E+00,8.850914E+00,8.305338E+04,1.933795E+05,8.850914E+00,0.000000E+00,8.850914E+00,6.081858E+04,2.015072E+05,8.850914E+00,2.586153E+05,8.850914E+00,0.000000E+00,0.000000E+00,4.571445E+01,0.000000E+00,1.419299E+02,1.706074E+06,2.988533E+06,4.571445E+01,0.000000E+00,1.414301E+02,1.584593E+06,3.024916E+06,4.571445E+01,1.335733E+06,4.571445E+01,0.000000E+00,0.000000E+00,7.341052E+01,0.000000E+00,7.341052E+01,6.888545E+05,1.603912E+06,7.341052E+01,0.000000E+00,7.341052E+01,5.044365E+05,1.671324E+06,7.341052E+01,2.144986E+06,7.341052E+01,0.000000E+00,0.000000E+00,8.850914E+00,0.000000E+00,8.850914E+00,8.305338E+04,1.933795E+05,8.850914E+00,0.000000E+00,8.850914E+00,6.081858E+04,2.015072E+05,8.850914E+00,2.586153E+05,8.850914E+00,0.000000E+00,0.000000E+00
02:00:00,8.850914E+00,0.000000E+00,8.850914E+00,7.974484E+04,1.899892E+05,8.850914E+00,0.000000E+00,8.850914E+00,5.751005E+04,1.903713E+05,8.850914E+00,2.586153E+05,8.850914E+00,0.000000E+00,0.000000E+00,4.571445E+01,0.000000E+00,6.227740E+01,6.906176E+05,1.478028E+06,4.571445E+01,0.000000E+00,6.197063E+01,5.705933E+05,1.472145E+06,4.571445E+01,1.335733E+06,4.571445E+01,0.000000E+00,0.000000E+00,7.341052E+01,0.000000E+00,7.341052E+01,6.614131E+05,1.575793E+06,7.341052E+01,0.000000E+00,7.341052E+01,4.769951E+05,1.578962E+06,7.341052E+01,2.144986E+06,7.341052E+01,0.000000E+00,0.000000E+00,8.850914E+00,0.000000E+00,8.850914E+00,7.974484E+04,1.899892E+05,8.850914E+00,0.000000E+00,8.850914E+00,5.751005E+04,1.903713E+05,8.850914E+00,2.586153E+05,8.850914E+00,0.000000E+00,0.000000E+00
03:00:00,8.850914E+00,0.000000E+00,8.850914E+00,7.726344E+04,1.874467E+05,8.850914E+00,0.000000E+00,8.850914E+00,5.502864E+04,1.821297E+05,8.850914E+00,2.586153E+05,8.850914E+00,0.000000E+00,0.000000E+00,4.571445E+01,0.000000E+00,7.464512E+01,8.990597E+05,1.915799E+06,4.571445E+01,0.000000E+00,7.427660E+01,7.778482E+05,1.879097E+06,4.571445E+01,1.335733E+06,4.571445E+01,0.000000E+00,0.000000E+00,7.341052E+01,0.000000E+00,7.341052E+01,6.408320E+05,1.554705E+06,7.341052E+01,0.000000E+00,7.341052E+01,4.564140E+05,1.510605E+06,7.341052E+01,2.144986E+06,7.341052E+01,0.000000E+00,0.000000E+00,8.850914E+00,0.000000E+00,9.804863E+00,9.060792E+04,2.067295E+05,8.850914E+00,0.000000E+00,8.850914E+00,5.502864E+04,1.821297E+05,9.267638E+00,2.574363E+05,8.850914E+00,0.000000E+00,0.000000E+00
04:00:00,8.850914E+00,0.000000E+00,8.850914E+00,7.478203E+04,1.849040E+05,8.850914E+00,0.000000E+00,8.850914E+00,5.254724E+04,1.739810E+05,8.850914E+00,2.586153E+05,8.850914E+00,0.000000E+00,0.000000E+00,4.571445E+01,0.000000E+00,7.736706E+01,9.319680E+05,2.029919E+06,4.571445E+01,0.000000E+00,7.700386E+01,8.108588E+05,1.964258E+06,4.571445E+01,1.335733E+06,4.571445E+01,0.000000E+00,0.000000E+00,7.341052E+01,0.000000E+00,7.341052E+01,6.202510E+05,1.533615E+06,7.341052E+01,0.000000E+00,7.341052E+01,4.358330E+05,1.443019E+06,7.341052E+01,2.144986E+06,7.341052E+01,0.000000E+00,0.000000E+00,8.850914E+00,0.000000E+00,1.054487E+01,9.847332E+04,2.189057E+05,8.850914E+00,0.000000E+00,8.850914E+00,5.254724E+04,1.739810E+05,1.073530E+01,2.532862E+05,8.850914E+00,0.000000E+00,0.000000E+00
05:00:00,8.850914E+00,0.000000E+00,8.850914E+00,7.312776E+04,1.832090E+05,8.850914E+00,0.000000E+00,8.850914E+00,5.089297E+04,1.685995E+05,8.850914E+00,2.586153E+05,8.850914E+00,0.000000E+00,0.000000E+00,4.571445E+01,0.000000E+00,8.221304E+01,1.006618E+06,2.161548E+06,4.571445E+01,0.000000E+00,8.184134E+01,8.853678E+05,2.076991E+06,4.571445E+01,1.335733E+06,4.571445E+01,0.000000E+00,0.000000E+00,7.341052E+01,0.000000E+00,7.341052E+01,6.065303E+05,1.519557E+06,7.341052E+01,0.000000E+00,7.341052E+01,4.221123E+05,1.398384E+06,7.341052E+01,2.144986E+06,7.341052E+01,0.000000E+00,0.000000E+00,8.850914E+00,0.000000E+00,1.120824E+01,1.060962E+05,2.301123E+05,8.850914E+00,0.000000E+00,8.850914E+00,5.089297E+04,1.685995E+05,1.185084E+01,2.501397E+05,8.850914E+00,0.000000E+00,0.000000E+00
06:00:00,8.850914E+00,0.000000E+00,1.051180E+01,9.652231E+04,2.173933E+05,8.850914E+00,0.000000E+00,9.474483E+00,6.070629E+04,1.877922E+05,1.386329E+01,2.359100E+05,8.850914E+00,0.000000E+00,0.000000E+00,4.571445E+01,0.000000E+00,1.195432E+02,1.533821E+06,2.939015E+06,4.571445E+01,0.000000E+00,1.190996E+02,1.412070E+06,2.874937E+06,4.571445E+01,1.335733E+06,4.571445E+01,0.000000E+00,0.000000E+00,7.341052E+01,0.000000E+00,8.789825E+01,8.201862E+05,2.040524E+06,7.341052E+01,0.000000E+00,8.616554E+01,6.118344E+05,1.895482E+06,7.341052E+01,2.144986E+06,7.341052E+01,0.000000E+00,0.000000E+00,8.850914E+00,0.000000E+00,2.349526E+01,2.666901E+05,4.450645E+05,8.850914E+00,0.000000E+00,2.052500E+01,2.055198E+05,3.971730E+05,2.605733E+01,1.808519E+05,8.850914E+00,0.000000E+00,0.000000E+00
07:00:00,8.850914E+00,0.000000E+00,2.062831E+01,2.269983E+05,4.056627E+05,8.850914E+00,0.000000E+00,1.873325E+01,1.811744E+05,3.935759E+05,2.641272E+01,1.450241E+05,8.850914E+00,0.000000E+00,0.000000E+00,4.571445E+01,0.000000E+00,1.678807E+02,2.108777E+06,3.666170E+06,4.571445E+01,0.000000E+00,1.673463E+02,1.986465E+06,3.671756E+06,4.571445E+01,1.335733E+06,4.571445E+01,0.000000E+00,0.000000E+00,7.341052E+01,0.000000E+00,1.615795E+02,1.713722E+06,3.555488E+06,7.341052E+01,0.000000E+00,1.599067E+02,1.509286E+06,3.555785E+06,7.341052E+01,2.144986E+06,7.341052E+01,0.000000E+00,0.000000E+00,8.850914E+00,0.000000E+00,3.941854E+01,4.608714E+05,6.968876E+05,8.850914E+00,0.000000E+00,3.632487E+01,4.000900E+05,6.776299E+05,4.157939E+01,4.728397E+04,8.850914E+00,0.000000E+00,0.000000E+00
08:00:00,8.850914E+00,0.000000E+00,3.404175E+01,3.886472E+05,6.217937E+05,8.850914E+00,0.000000E+00,3.176189E+01,3.397033E+05,6.584630E+05,3.660265E+01,3.863832E+04,8.850914E+00,0.000000E+00,0.000000E+00,4.571445E+01,0.000000E+00,1.651479E+02,2.082650E+06,3.473599E+06,4.571445E+01,0.000000E+00,1.646224E+02,1.960751E+06,3.658020E+06,4.571445E+01,1.335733E+06,4.571445E+01,0.000000E+00,0.000000E+00,7.341052E+01,0.000000E+00,1.622186E+02,1.791892E+06,3.317740E+06,7.341052E+01,0.000000E+00,1.606733E+02,1.589838E+06,3.604251E+06,7.341052E+01,2.144986E+06,7.341052E+01,0.000000E+00,0.000000E+00,8.850914E+00,0.000000E+00,5.658564E+01,6.527133E+05,9.288889E+05,8.850914E+00,0.000000E+00,5.325325E+01,5.912903E+05,9.607934E+05,5.314988E+01,0.000000E+00,8.850914E+00,0.000000E+00,0.000000E+00
09:00:00,8.850914E+00,0.000000E+00,3.275244E+01,3.798201E+05,5.780029E+05,8.850914E+00,0.000000E+00,3.059212E+01,3.331898E+05,6.431103E+05,2.949734E+01,8.812838E+04,8.850914E+00,0.000000E+00,0.000000E+00,4.571445E+01,0.000000E+00,1.605972E+02,2.093511E+06,3.396057E+06,4.571445E+01,0.000000E+00,1.600775E+02,1.971756E+06,3.752492E+06,4.571445E+01,1.335733E+06,4.571445E+01,0.000000E+00,0.000000E+00,7.341052E+01,0.000000E+00,1.574910E+02,1.861886E+06,3.226597E+06,7.341052E+01,0.000000E+00,1.560024E+02,1.660673E+06,3.787452E+06,7.341052E+01,2.144986E+06,7.341052E+01,0.000000E+00,0.000000E+00,8.850914E+00,0.000000E+00,5.453156E+01,6.255256E+05,8.625022E+05,8.850914E+00,0.000000E+00,5.122526E+01,5.659047E+05,9.320018E+05,4.500254E+01,0.000000E+00,8.850914E+00,0.000000E+00,0.000000E+00
10:00:00,8.850914E+00,0.000000E+00,3.372680E+01,4.048036E+05,5.968235E+05,8.850914E+00,0.000000E+00,3.165132E+01,3.591370E+05,6.686440E+05,2.839413E+01,9.725914E+04,8.850914E+00,0.000000E+00,0.000000E+00,4.571445E+01,0.000000E+00,1.574164E+02,2.122876E+06,3.435786E+06,4.571445E+01,0.000000E+00,1.568979E+02,2.001141E+06,3.793603E+06,4.571445E+01,1.335733E+06,4.571445E+01,0.000000E+00,0.000000E+00,7.341052E+01,0.000000E+00,1.544096E+02,1.943204E+06,3.337969E+06,7.341052E+01,0.000000E+00,1.529552E+02,1.742394E+06,3.901131E+06,7.341052E+01,2.144986E+06,7.341052E+01,0.000000E+00,0.000000E+00,8.850914E+00,0.000000E+00,5.531415E+01,6.481627E+05,8.818465E+05,8.850914E+00,0.000000E+00,5.210162E+01,5.896228E+05,9.691788E+05,4.294316E+01,0.000000E+00,8.850914E+00,0.000000E+00,0.000000E+00
11:00:00,8.850914E+00,0.000000E+00,3.386293E+01,4.187396E+05,6.042336E+05,8.850914E+00,0.000000E+00,3.180534E+01,3.732676E+05,6.779124E+05,2.707937E+01,1.081191E+05,8.850914E+00,0.000000E+00,0.000000E+00,4.571445E+01,0.000000E+00,1.551492E+02,2.156410E+06,3.467512E+06,4.571445E+01,0.000000E+00,1.546332E+02,2.034706E+06,3.825694E+06,4.571445E+01,1.335733E+06,4.571445E+01,0.000000E+00,0.000000E+00,7.341052E+01,0.000000E+00,1.527660E+02,2.027225E+06,3.414181E+06,7.341052E+01,0.000000E+00,1.513401E+02,1.826741E+06,3.977931E+06,7.341052E+01,2.144986E+06,7.341052E+01,0.000000E+00,0.000000E+00,8.850914E+00,0.000000E+00,5.503597E+01,6.573801E+05,8.888490E+05,8.850914E+00,0.000000E+00,5.186055E+01,5.992354E+05,9.835521E+05,4.072610E+01,0.000000E+00,8.850914E+00,0.000000E+00,0.000000E+00
12:00:00,8.850914E+00,0.000000E+00,3.450284E+01,4.342324E+05,6.222036E+05,8.850914E+00,0.000000E+00,3.247500E+01,3.890906E+05,6.973336E+05,2.638571E+01,1.138350E+05,8.850914E+00,0.000000E+00,0.000000E+00,4.571445E+01,0.000000E+00,1.529761E+02,2.170118E+06,3.475867E+06,4.571445E+01,0.000000E+00,1.524638E+02,2.048461E+06,3.834028E+06,4.571445E+01,1.335733E+06,4.571445E+01,0.000000E+00,0.000000E+00,7.341052E+01,0.000000E+00,1.513125E+02,2.079325E+06,3.458922E+06,7.341052E+01,0.000000E+00,1.499128E+02,1.879137E+06,4.022995E+06,7.341052E+01,2.144986E+06,7.341052E+01,0.000000E+00,0.000000E+00,8.850914E+00,0.000000E+00,5.476344E+01,6.625713E+05,8.955960E+05,8.850914E+00,0.000000E+00,5.162868E+01,6.048683E+05,9.900048E+05,3.932759E+01,7.082908E+03,8.850914E+00,0.000000E+00,0.000000E+00
13:00:00,8.850914E+00,0.000000E+00,3.543473E+01,4.513525E+05,6.426624E+05,8.850914E+00,0.000000E+00,3.342938E+01,4.064605E+05,7.187226E+05,2.580527E+01,1.186276E+05,8.850914E+00,0.000000E+00,0.000000E+00,4.571445E+01,0.000000E+00,1.515961E+02,2.185919E+06,3.491981E+06,4.571445E+01,0.000000E+00,1.510853E+02,2.064283E+06,3.850186E+06,4.571445E+01,1.335733E+06,4.571445E+01,0.000000E+00,0.000000E+00,7.341052E+01,0.000000E+00,1.503992E+02,2.123881E+06,3.502340E+06,7.341052E+01,0.000000E+00,1.490179E+02,1.923903E+06,4.066769E+06,7.341052E+01,2.144986E+06,7.341052E+01,0.000000E+00,0.000000E+00,8.850914E+00,0.000000E+00,5.480256E+01,6.696233E+05,9.035438E+05,8.850914E+00,0.000000E+00,5.169609E+01,6.122361E+05,9.971959E+05,3.819137E+01,1.646936E+04,8.850914E+00,0.000000E+00,0.000000E+00
14:00:00,8.850914E+00,0.000000E+00,3.625280E+01,4.647058E+05,6.570421E+05,8.850914E+00,0.000000E+00,3.426105E+01,4.199649E+05,7.334537E+05,2.529227E+01,1.228653E+05,8.850914E+00,0.000000E+00,0.000000E+00,4.571445E+01,0.000000E+00,1.511320E+02,2.201072E+06,3.511428E+06,4.571445E+01,0.000000E+00,1.506201E+02,2.079421E+06,3.869679E+06,4.571445E+01,1.335733E+06,4.571445E+01,0.000000E+00,0.000000E+00,7.341052E+01,0.000000E+00,1.500092E+02,2.153765E+06,3.533768E+06,7.341052E+01,0.000000E+00,1.486380E+02,1.953902E+06,4.098443E+06,7.341052E+01,2.144986E+06,7.341052E+01,0.000000E+00,0.000000E+00,8.850914E+00,0.000000E+00,5.510030E+01,6.771112E+05,9.114215E+05,8.850914E+00,0.000000E+00,5.200988E+01,6.199052E+05,1.005489E+06,3.723389E+01,2.437638E+04,8.850914E+00,0.000000E+00,0.000000E+00
15:00:00,8.850914E+00,0.000000E+00,3.638435E+01,4.661882E+05,6.567867E+05,8.850914E+00,0.000000E+00,3.440249E+01,4.215591E+05,7.326260E+05,2.484378E+01,1.265692E+05,8.850914E+00,0.000000E+00,0.000000E+00,4.571445E+01,0.000000E+00,1.508996E+02,2.197945E+06,3.509492E+06,4.571445E+01,0.000000E+00,1.503874E+02,2.076291E+06,3.867748E+06,4.571445E+01,1.335733E+06,4.571445E+01,0.000000E+00,0.000000E+00,7.341052E+01,0.000000E+00,1.494912E+02,2.147918E+06,3.526248E+06,7.341052E+01,0.000000E+00,1.481278E+02,1.948144E+06,4.090989E+06,7.341052E+01,2.144986E+06,7.341052E+01,0.000000E+00,0.000000E+00,8.850914E+00,0.000000E+00,5.495633E+01,6.754870E+05,9.086756E+05,8.850914E+00,0.000000E+00,5.187485E+01,6.183820E+05,1.002537E+06,3.642365E+01,3.106530E+04,8.850914E+00,0.000000E+00,0.000000E+00
16:00:00,8.850914E+00,0.000000E+00,3.575503E+01,4.541352E+05,6.417372E+05,8.850914E+00,0.000000E+00,3.378030E+01,4.095890E+05,7.163879E+05,2.444928E+01,1.298266E+05,8.850914E+00,0.000000E+00,0.000000E+00,4.571445E+01,0.000000E+00,1.506383E+02,2.168824E+06,3.478955E+06,4.571445E+01,0.000000E+00,1.501265E+02,2.047174E+06,3.837149E+06,4.571445E+01,1.335733E+06,4.571445E+01,0.000000E+00,0.000000E+00,7.341052E+01,0.000000E+00,1.485673E+02,2.096358E+06,3.469574E+06,7.341052E+01,0.000000E+00,1.472103E+02,1.896656E+06,4.034164E+06,7.341052E+01,2.144986E+06,7.341052E+01,0.000000E+00,0.000000E+00,8.850914E+00,0.000000E+00,5.404829E+01,6.602913E+05,8.909158E+05,8.850914E+00,0.000000E+00,5.096899E+01,6.032141E+05,9.833991E+05,3.572434E+01,3.683833E+04,8.850914E+00,0.000000E+00,0.000000E+00
17:00:00,8.850914E+00,0.000000E+00,3.463554E+01,4.349035E+05,6.196550E+05,8.850914E+00,0.000000E+00,3.266557E+01,3.904147E+05,6.930600E+05,2.410392E+01,1.326781E+05,8.850914E+00,0.000000E+00,0.000000E+00,4.571445E+01,0.000000E+00,1.503210E+02,2.130432E+06,3.438700E+06,4.571445E+01,0.000000E+00,1.498094E+02,2.008786E+06,3.796810E+06,4.571445E+01,1.335733E+06,4.571445E+01,0.000000E+00,0.000000E+00,7.341052E+01,0.000000E+00,1.472791E+02,2.026989E+06,3.393769E+06,7.341052E+01,0.000000E+00,1.459258E+02,1.827330E+06,3.958090E+06,7.341052E+01,2.144986E+06,7.341052E+01,0.000000E+00,0.000000E+00,8.850914E+00,0.000000E+00,5.267225E+01,6.381686E+05,8.662534E+05,8.850914E+00,0.000000E+00,4.959092E+01,5.810747E+05,9.572055E+05,3.511963E+01,4.183068E+04,8.850914E+00,0.000000E+00,0.000000E+00
18:00:00,8.850914E+00,0.000000E+00,3.303053E+01,4.085433E+05,5.901290E+05,8.850914E+00,0.000000E+00,3.106660E+01,3.641269E+05,6.621416E+05,2.380285E+01,1.351643E+05,8.850914E+00,0.000000E+00,0.000000E+00,4.571445E+01,0.000000E+00,1.496905E+02,2.079357E+06,3.383775E+06,4.571445E+01,0.000000E+00,1.491803E+02,1.957729E+06,3.741792E+06,4.571445E+01,1.335733E+06,4.571445E+01,0.000000E+00,0.000000E+00,7.341052E+01,0.000000E+00,1.454915E+02,1.938287E+06,3.296434E+06,7.341052E+01,0.000000E+00,1.441422E+02,1.738674E+06,3.860401E+06,7.341052E+01,2.144986E+06,7.341052E+01,0.000000E+00,0.000000E+00,8.850914E+00,0.000000E+00,5.069154E+01,6.075758E+05,8.324836E+05,8.850914E+00,0.000000E+00,4.760726E+01,5.504566E+05,9.215716E+05,3.459368E+01,4.617301E+04,8.850914E+00,0.000000E+00,0.000000E+00
19:00:00,8.850914E+00,0.000000E+00,3.082439E+01,3.712703E+05,5.484709E+05,8.850914E+00,0.000000E+00,2.887104E+01,3.269783E+05,6.186014E+05,2.354405E+01,1.373015E+05,8.850914E+00,0.000000E+00,0.000000E+00,4.571445E+01,0.000000E+00,1.483622E+02,1.997686E+06,3.294102E+06,4.571445E+01,0.000000E+00,1.478564E+02,1.876116E+06,3.651995E+06,4.571445E+01,1.335733E+06,4.571445E+01,0.000000E+00,0.000000E+00,7.341052E+01,0.000000E+00,1.429885E+02,1.807242E+06,3.152837E+06,7.341052E+01,0.000000E+00,1.416471E+02,1.607717E+06,3.716308E+06,7.341052E+01,2.144986E+06,7.341052E+01,0.000000E+00,0.000000E+00,8.850914E+00,0.000000E+00,4.765905E+01,5.609924E+05,7.805609E+05,8.850914E+00,0.000000E+00,4.457182E+01,5.038510E+05,8.665539E+05,3.414194E+01,4.990264E+04,8.850914E+00,0.000000E+00,0.000000E+00
20:00:00,8.850914E+00,0.000000E+00,2.823305E+01,3.329636E+05,5.051274E+05,8.850914E+00,0.000000E+00,2.631104E+01,2.890305E+05,5.733053E+05,2.331658E+01,1.391801E+05,8.850914E+00,0.000000E+00,0.000000E+00,4.571445E+01,0.000000E+00,1.460697E+02,1.920343E+06,3.205206E+06,4.571445E+01,0.000000E+00,1.455734E+02,1.798899E+06,3.563065E+06,4.571445E+01,1.335733E+06,4.571445E+01,0.000000E+00,0.000000E+00,7.341052E+01,0.000000E+00,1.398311E+02,1.696280E+06,3.027527E+06,7.341052E+01,0.000000E+00,1.385057E+02,1.496937E+06,3.590667E+06,7.341052E+01,2.144986E+06,7.341052E+01,0.000000E+00,0.000000E+00,8.850914E+00,0.000000E+00,4.401961E+01,5.108776E+05,7.245784E+05,8.850914E+00,0.000000E+00,4.094819E+01,4.539278E+05,8.073431E+05,3.374286E+01,5.319753E+04,8.850914E+00,0.000000E+00,0.000000E+00
21:00:00,8.850914E+00,0.000000E+00,2.670087E+01,3.082498E+05,4.791201E+05,8.850914E+00,0.000000E+00,2.480363E+01,2.645992E+05,5.467522E+05,2.311698E+01,1.408284E+05,8.850914E+00,0.000000E+00,0.000000E+00,4.571445E+01,0.000000E+00,1.448271E+02,1.865452E+06,3.150658E+06,4.571445E+01,0.000000E+00,1.443355E+02,1.744070E+06,3.507834E+06,4.571445E+01,1.335733E+06,4.571445E+01,0.000000E+00,0.000000E+00,7.341052E+01,0.000000E+00,1.379238E+02,1.613091E+06,2.939604E+06,7.341052E+01,0.000000E+00,1.366064E+02,1.413837E+06,3.501396E+06,7.341052E+01,2.144986E+06,7.341052E+01,0.000000E+00,0.000000E+00,8.850914E+00,0.000000E+00,4.172281E+01,4.775494E+05,6.902650E+05,8.850914E+00,0.000000E+00,3.865971E+01,4.207023E+05,7.723358E+05,3.339080E+01,5.610402E+04,8.850914E+00,0.000000E+00,0.000000E+00
22:00:00,8.850914E+00,0.000000E+00,2.573230E+01,2.898852E+05,4.607106E+05,8.850914E+00,0.000000E+00,2.382724E+01,2.461475E+05,5.078876E+05,2.294267E+01,1.422679E+05,8.850914E+00,0.000000E+00,0.000000E+00,4.571445E+01,0.000000E+00,1.440910E+02,1.817231E+06,3.103395E+06,4.571445E+01,0.000000E+00,1.435994E+02,1.695850E+06,3.356564E+06,4.571445E+01,1.335733E+06,4.571445E+01,0.000000E+00,0.000000E+00,7.341052E+01,0.000000E+00,1.366620E+02,1.537138E+06,2.860427E+06,7.341052E+01,0.000000E+00,1.353440E+02,1.337878E+06,3.255211E+06,7.341052E+01,2.144986E+06,7.341052E+01,0.000000E+00,0.000000E+00,8.850914E+00,0.000000E+00,4.000164E+01,4.507024E+05,6.630768E+05,8.850914E+00,0.000000E+00,3.693745E+01,3.938466E+05,7.247055E+05,3.308071E+01,5.866411E+04,8.850914E+00,0.000000E+00,0.000000E+00
23:00:00,8.850914E+00,0.000000E+00,8.850914E+00,9.380612E+04,2.043975E+05,8.850914E+00,0.000000E+00,8.850914E+00,7.157133E+04,2.388983E+05,8.850914E+00,2.586153E+05,8.850914E+00,0.000000E+00,0.000000E+00,4.571445E+01,0.000000E+00,1.429508E+02,1.774044E+06,3.059203E+06,4.571445E+01,0.000000E+00,1.425037E+02,1.653068E+06,3.233979E+06,4.571445E+01,1.335733E+06,4.571445E+01,0.000000E+00,0.000000E+00,7.341052E+01,0.000000E+00,1.351251E+02,1.472811E+06,2.792321E+06,7.341052E+01,0.000000E+00,1.338446E+02,1.273869E+06,3.062071E+06,7.341052E+01,2.144986E+06,7.341052E+01,0.000000E+00,0.000000E+00,8.850914E+00,0.000000E+00,8.850914E+00,9.380612E+04,2.043975E+05,8.850914E+00,0.000000E+00,8.850914E+00,7.157133E+04,2.388983E+05,8.850914E+00,2.586153E+05,8.850914E+00,0.000000E+00,0.000000E+00
24:00:00,8.850914E+00,0.000000E+00,8.850914E+00,8.801618E+04,1.984647E+05,8.850914E+00,0.000000E+00,8.850914E+00,6.578139E+04,2.185329E+05,8.850914E+00,2.586153E+05,8.850914E+00,0.000000E+00,0.000000E+00,4.571445E+01,0.000000E+00,1.427230E+02,1.740885E+06,3.025873E+06,4.571445E+01,0.000000E+00,1.422294E+02,1.619425E+06,3.124749E+06,4.571445E+01,1.335733E+06,4.571445E+01,0.000000E+00,0.000000E+00,7.341052E+01,0.000000E+00,1.343961E+02,1.416466E+06,2.732714E+06,7.341052E+01,0.000000E+00,1.330793E+02,1.217185E+06,2.881747E+06,7.341052E+01,2.144986E+06,7.341052E+01,0.000000E+00,0.000000E+00,8.850914E+00,0.000000E+00,8.850914E+00,8.801618E+04,1.984647E+05,8.850914E+00,0.000000E+00,8.850914E+00,6.578139E+04,2.185329E+05,8.850914E+00,2.586153E+05,8.850914E+00,0.000000E+00,0.000000E+00
Coinc Peak   ,3.660265E+01,3.638435E+01,2.586153E+05,4.661882E+05,4.571445E+01,1.678807E+02,1.335733E+06,2.201072E+06,7.341052E+01,1.622186E+02,2.144986E+06,2.153765E+06,5.314988E+01,5.658564E+01,2.586153E+05,6.771112E+05
NonCoinc Peak,3.660265E+01,3.638435E+01,2.586153E+05,4.661882E+05,4.571445E+01,1.678807E+02,1.335733E+06,2.201072E+06,7.341052E+01,1.615795E+02,2.144986E+06,2.153765E+06,5.314988E+01,5.658564E+01,2.586153E+05,6.771112E+05
