{
  "id": "5",
  "name": "Residential 4 ",
  "directory_name": "C:/urbanopt-example-reopt-project/run/baseline_scenario/5",
  "feature_type": "Building",
  "timesteps_per_hour": 1,
  "simulation_status": "Complete",
  "timeseries_csv": {
    "path": "C:/urbanopt-example-reopt-project/run/baseline_scenario/5/011_default_feature_reports/default_feature_reports.csv",
    "first_report_datetime": "0",
    "column_names": [
      "Datetime",
      "Electricity:Facility(kWh)",
      "ElectricityProduced:Facility()",
      "Gas:Facility(kBtu)",
      "DistrictCooling:Facility()",
      "DistrictHeating:Facility()",
      "District Cooling Chilled Water Rate()",
      "District Cooling Mass Flow Rate()",
      "District Cooling Inlet Temperature()",
      "District Cooling Outlet Temperature()",
      "District Heating Hot Water Rate()",
      "District Heating Mass Flow Rate()",
      "District Heating Inlet Temperature()",
      "District Heating Outlet Temperature()",
      "Zone Thermal Comfort Fanger Model PMV BUILDING STORY 1 THERMALZONE FULLSERVICERESTAURANT DINING PEOPLE 1()",
      "Zone Thermal Comfort Fanger Model PMV BUILDING STORY 1 THERMALZONE FULLSERVICERESTAURANT KITCHEN PEOPLE 1()",
      "Zone Thermal Comfort Fanger Model PPD BUILDING STORY 1 THERMALZONE FULLSERVICERESTAURANT DINING PEOPLE 1()",
      "Zone Thermal Comfort Fanger Model PPD BUILDING STORY 1 THERMALZONE FULLSERVICERESTAURANT KITCHEN PEOPLE 1()",
      "Net Electric Energy(kWh)",
      "Electricity:Facility Power(kW)",
      "ElectricityProduced:Facility Power(kW)",
      "Electricity:Facility Apparent Power(kW)",
      "ElectricityProduced:Facility Apparent Power(kW)",
      "Net Power(kW)",
      "Net Apparent Power(kW)"
    ]
  },
  "location": {
    "latitude": 42.93,
    "longitude": -78.73,
    "surface_elevation": 215.0
  },
  "program": {
    "floor_area": 8799.819682972699,
    "conditioned_area": 8799.819682972699,
    "unconditioned_area": 0.0,
    "footprint_area": 8799.819682972699,
    "maximum_roof_height": 3.0,
    "maximum_number_of_stories": 1,
    "number_of_residential_units": 1,
    "building_types": [
      {
        "building_type": "FullServiceRestaurant",
        "floor_area": 8799.834574344119,
        "maximum_occupancy": 459.9497535318187
      }
    ],
    "window_area": {
      "north_window_area": 329.26801964715037,
      "south_window_area": 329.26801964715037,
      "east_window_area": 233.03866052176545,
      "west_window_area": 233.03866052176545,
      "total_window_area": 1124.6133603378316
    },
    "wall_area": {
      "north_wall_area": 1097.5959451918902,
      "south_wall_area": 1097.5959451918902,
      "east_wall_area": 776.7237756697735,
      "west_wall_area": 776.7237756697735,
      "total_wall_area": 3748.6394417233278
    },
    "roof_area": {
      "total_roof_area": 8799.83457434412
    },
    "orientation": 0.0,
    "aspect_ratio": 1.413109756097561
  },
  "construction_costs": [

  ],
  "reporting_periods": [
    {
      "start_date": {
        "month": 1,
        "day_of_month": 1,
        "year": "2019"
      },
      "end_date": {
        "month": 12,
        "day_of_month": 31,
        "year": "2019"
      },
      "total_site_energy": 3286442.12663199,
      "total_source_energy": 6422171.85296296,
      "net_site_energy": 3286442.12663199,
      "net_source_energy": 6422171.85296296,
      "electricity": 1372856.229746621,
      "natural_gas": 1913585.896885369,
      "additional_fuel": 0.0,
      "district_cooling": 0.0,
      "district_heating": 0.0,
      "water": 2211.76,
      "electricity_produced": 1372860.0210151025,
      "end_uses": {
        "electricity": {
          "heating": 0.0,
          "cooling": 167773.10846666028,
          "interior_lighting": 132277.35731092657,
          "exterior_lighting": 54840.698581328536,
          "interior_equipment": 633103.9236844834,
          "exterior_equipment": 0.0,
          "fans": 268099.5506518249,
          "pumps": 0.0,
          "heat_rejection": 0.0,
          "humidification": 0.0,
          "heat_recovery": 0.0,
          "water_systems": 116752.11288019443,
          "refrigeration": 0.0,
          "generators": 0.0
        },
        "natural_gas": {
          "heating": 217476.63825589063,
          "cooling": 0.0,
          "interior_lighting": 0.0,
          "exterior_lighting": 0.0,
          "interior_equipment": 712322.4786002703,
          "exterior_equipment": 0.0,
          "fans": 0.0,
          "pumps": 0.0,
          "heat_rejection": 0.0,
          "humidification": 0.0,
          "heat_recovery": 0.0,
          "water_systems": 983786.7800292076,
          "refrigeration": 0.0,
          "generators": 0.0
        },
        "additional_fuel": {
          "heating": 0.0,
          "cooling": 0.0,
          "interior_lighting": 0.0,
          "exterior_lighting": 0.0,
          "interior_equipment": 0.0,
          "exterior_equipment": 0.0,
          "fans": 0.0,
          "pumps": 0.0,
          "heat_rejection": 0.0,
          "humidification": 0.0,
          "heat_recovery": 0.0,
          "water_systems": 0.0,
          "refrigeration": 0.0,
          "generators": 0.0
        },
        "district_cooling": {
          "heating": 0.0,
          "cooling": 0.0,
          "interior_lighting": 0.0,
          "exterior_lighting": 0.0,
          "interior_equipment": 0.0,
          "exterior_equipment": 0.0,
          "fans": 0.0,
          "pumps": 0.0,
          "heat_rejection": 0.0,
          "humidification": 0.0,
          "heat_recovery": 0.0,
          "water_systems": 0.0,
          "refrigeration": 0.0,
          "generators": 0.0
        },
        "district_heating": {
          "heating": 0.0,
          "cooling": 0.0,
          "interior_lighting": 0.0,
          "exterior_lighting": 0.0,
          "interior_equipment": 0.0,
          "exterior_equipment": 0.0,
          "fans": 0.0,
          "pumps": 0.0,
          "heat_rejection": 0.0,
          "humidification": 0.0,
          "heat_recovery": 0.0,
          "water_systems": 0.0,
          "refrigeration": 0.0,
          "generators": 0.0
        },
        "water": {
          "heating": 0.0,
          "cooling": 0.0,
          "interior_lighting": 0.0,
          "exterior_lighting": 0.0,
          "interior_equipment": 0.0,
          "exterior_equipment": 0.0,
          "fans": 0.0,
          "pumps": 0.0,
          "heat_rejection": 0.0,
          "humidification": 0.0,
          "heat_recovery": 0.0,
          "water_systems": 2096343.9940241827,
          "refrigeration": 0.0,
          "generators": 0.0
        }
      },
      "energy_production": {
        "electricity_produced": {
          "photovoltaic": 0.0
        }
      },
      "utility_costs": [
        {

        }
      ],
      "comfort_result": {
        "time_setpoint_not_met_during_occupied_cooling": 32.0,
        "time_setpoint_not_met_during_occupied_heating": 0.0,
        "time_setpoint_not_met_during_occupied_hours": 32.0,
        "hours_out_of_comfort_bounds_PMV": 3365.0,
        "hours_out_of_comfort_bounds_PPD": 83.0
      }
    }
  ],
  "distributed_generation": {
    "solar_pv": [

    ],
    "wind": [

    ],
    "generator": [

    ],
    "storage": [

    ]
  },
  "power_distribution": {

  }
}
