Time,BUILDING STORY 1 THERMALZONE:BUFFALO NIAGARA INTL AP ANN HTG 99.6% CONDNS DB 1:Des Heat Load [W],BUILDING STORY 1 THERMALZONE:BUFFALO NIAGARA INTL AP ANN CLG .4% CONDNS DB=>MWB 1:Des Sens Cool Load [W],BUILDING STORY 1 THERMALZONE:BUFFALO NIAGARA INTL AP ANN HTG 99.6% CONDNS DB 1:Des Heat Mass Flow [kg/s],BUILDING STORY 1 THERMALZONE:BUFFALO NIAGARA INTL AP ANN CLG .4% CONDNS DB=>MWB 1:Des Cool Mass Flow [kg/s],BUILDING STORY 2 THERMALZONE:BUFFALO NIAGARA INTL AP ANN HTG 99.6% CONDNS DB 1:Des Heat Load [W],BUILDING STORY 2 THERMALZONE:BUFFALO NIAGARA INTL AP ANN CLG .4% CONDNS DB=>MWB 1:Des Sens Cool Load [W],BUILDING STORY 2 THERMALZONE:BUFFALO NIAGARA INTL AP ANN HTG 99.6% CONDNS DB 1:Des Heat Mass Flow [kg/s],BUILDING STORY 2 THERMALZONE:BUFFALO NIAGARA INTL AP ANN CLG .4% CONDNS DB=>MWB 1:Des Cool Mass Flow [kg/s],BUILDING STORY 3 THERMALZONE:BUFFALO NIAGARA INTL AP ANN HTG 99.6% CONDNS DB 1:Des Heat Load [W],BUILDING STORY 3 THERMALZONE:BUFFALO NIAGARA INTL AP ANN CLG .4% CONDNS DB=>MWB 1:Des Sens Cool Load [W],BUILDING STORY 3 THERMALZONE:BUFFALO NIAGARA INTL AP ANN HTG 99.6% CONDNS DB 1:Des Heat Mass Flow [kg/s],BUILDING STORY 3 THERMALZONE:BUFFALO NIAGARA INTL AP ANN CLG .4% CONDNS DB=>MWB 1:Des Cool Mass Flow [kg/s],BUILDING STORY 4 THERMALZONE:BUFFALO NIAGARA INTL AP ANN HTG 99.6% CONDNS DB 1:Des Heat Load [W],BUILDING STORY 4 THERMALZONE:BUFFALO NIAGARA INTL AP ANN CLG .4% CONDNS DB=>MWB 1:Des Sens Cool Load [W],BUILDING STORY 4 THERMALZONE:BUFFALO NIAGARA INTL AP ANN HTG 99.6% CONDNS DB 1:Des Heat Mass Flow [kg/s],BUILDING STORY 4 THERMALZONE:BUFFALO NIAGARA INTL AP ANN CLG .4% CONDNS DB=>MWB 1:Des Cool Mass Flow [kg/s],BUILDING STORY 5 THERMALZONE:BUFFALO NIAGARA INTL AP ANN HTG 99.6% CONDNS DB 1:Des Heat Load [W],BUILDING STORY 5 THERMALZONE:BUFFALO NIAGARA INTL AP ANN CLG .4% CONDNS DB=>MWB 1:Des Sens Cool Load [W],BUILDING STORY 5 THERMALZONE:BUFFALO NIAGARA INTL AP ANN HTG 99.6% CONDNS DB 1:Des Heat Mass Flow [kg/s],BUILDING STORY 5 THERMALZONE:BUFFALO NIAGARA INTL AP ANN CLG .4% CONDNS DB=>MWB 1:Des Cool Mass Flow [kg/s],BUILDING STORY 6 THERMALZONE:BUFFALO NIAGARA INTL AP ANN HTG 99.6% CONDNS DB 1:Des Heat Load [W],BUILDING STORY 6 THERMALZONE:BUFFALO NIAGARA INTL AP ANN CLG .4% CONDNS DB=>MWB 1:Des Sens Cool Load [W],BUILDING STORY 6 THERMALZONE:BUFFALO NIAGARA INTL AP ANN HTG 99.6% CONDNS DB 1:Des Heat Mass Flow [kg/s],BUILDING STORY 6 THERMALZONE:BUFFALO NIAGARA INTL AP ANN CLG .4% CONDNS DB=>MWB 1:Des Cool Mass Flow [kg/s],BUILDING STORY 7 THERMALZONE:BUFFALO NIAGARA INTL AP ANN HTG 99.6% CONDNS DB 1:Des Heat Load [W],BUILDING STORY 7 THERMALZONE:BUFFALO NIAGARA INTL AP ANN CLG .4% CONDNS DB=>MWB 1:Des Sens Cool Load [W],BUILDING STORY 7 THERMALZONE:BUFFALO NIAGARA INTL AP ANN HTG 99.6% CONDNS DB 1:Des Heat Mass Flow [kg/s],BUILDING STORY 7 THERMALZONE:BUFFALO NIAGARA INTL AP ANN CLG .4% CONDNS DB=>MWB 1:Des Cool Mass Flow [kg/s],BUILDING STORY 8 THERMALZONE:BUFFALO NIAGARA INTL AP ANN HTG 99.6% CONDNS DB 1:Des Heat Load [W],BUILDING STORY 8 THERMALZONE:BUFFALO NIAGARA INTL AP ANN CLG .4% CONDNS DB=>MWB 1:Des Sens Cool Load [W],BUILDING STORY 8 THERMALZONE:BUFFALO NIAGARA INTL AP ANN HTG 99.6% CONDNS DB 1:Des Heat Mass Flow [kg/s],BUILDING STORY 8 THERMALZONE:BUFFALO NIAGARA INTL AP ANN CLG .4% CONDNS DB=>MWB 1:Des Cool Mass Flow [kg/s]
01:00:00,0.000000E+00,0.000000E+00,0.000000E+00,0.000000E+00,1.270756E+05,0.000000E+00,6.596759E+00,0.000000E+00,4.078325E+05,3.407343E+05,2.104208E+01,1.946382E+01,1.132641E+05,2.693359E+05,3.844487E+00,3.657890E+01,1.101594E+05,1.287103E+06,5.143900E+00,9.545407E+01,4.775465E+05,1.093972E+06,2.463666E+01,9.557076E+01,8.719038E+04,2.588067E+05,2.959641E+00,3.514830E+01,2.444639E+05,2.424462E+04,9.805674E+00,1.425888E+00
02:00:00,0.000000E+00,0.000000E+00,0.000000E+00,0.000000E+00,0.000000E+00,8.212191E+03,0.000000E+00,4.831555E-01,4.082045E+05,3.571026E+05,2.106287E+01,2.035704E+01,1.133679E+05,2.671936E+05,3.848075E+00,3.628837E+01,1.102249E+05,6.784603E+05,5.147052E+00,3.897314E+01,4.780116E+05,1.088265E+06,2.466295E+01,9.508731E+01,8.720318E+04,2.562377E+05,2.960083E+00,3.479963E+01,2.618834E+05,2.707768E+04,1.050496E+01,1.592356E+00
03:00:00,0.000000E+00,3.859500E+03,0.000000E+00,2.717967E-01,0.000000E+00,5.581615E+04,0.000000E+00,3.291767E+00,4.079991E+05,3.753091E+05,2.105183E+01,2.140973E+01,1.133415E+05,2.653387E+05,3.847159E+00,3.603775E+01,1.101854E+05,7.958276E+05,5.145182E+00,4.550818E+01,4.777464E+05,1.085273E+06,2.464864E+01,9.486048E+01,8.719552E+04,2.539520E+05,2.959821E+00,3.448995E+01,2.736385E+05,3.571178E+04,1.097604E+01,2.100268E+00
04:00:00,0.000000E+00,9.304043E+03,0.000000E+00,6.547811E-01,0.000000E+00,7.852347E+04,0.000000E+00,4.618544E+00,4.078806E+05,4.078757E+05,2.104457E+01,2.332607E+01,1.133337E+05,2.634957E+05,3.846850E+00,3.578919E+01,1.101592E+05,8.890846E+05,5.143889E+00,5.074682E+01,4.775919E+05,1.080723E+06,2.463902E+01,9.451763E+01,8.719044E+04,2.517869E+05,2.959643E+00,3.419685E+01,2.840953E+05,4.219663E+04,1.139460E+01,2.481900E+00
05:00:00,0.000000E+00,1.224984E+04,0.000000E+00,8.620978E-01,0.000000E+00,8.938878E+04,0.000000E+00,5.258705E+00,4.077395E+05,4.241609E+05,2.103654E+01,2.429094E+01,1.133093E+05,2.618606E+05,3.845995E+00,3.556805E+01,1.101208E+05,9.292661E+05,5.142056E+00,5.305850E+01,4.774107E+05,1.076732E+06,2.462857E+01,9.419387E+01,8.718300E+04,2.498348E+05,2.959387E+00,3.393226E+01,2.933444E+05,4.901776E+04,1.176501E+01,2.883453E+00
06:00:00,0.000000E+00,1.016025E+05,0.000000E+00,7.519834E+00,0.000000E+00,1.035405E+05,0.000000E+00,6.089934E+00,4.078383E+05,8.217304E+05,2.104004E+01,5.778924E+01,1.133547E+05,2.689927E+05,3.847463E+00,3.653341E+01,1.101409E+05,1.251877E+06,5.142886E+00,7.921639E+01,4.775268E+05,1.079845E+06,2.463229E+01,9.437374E+01,8.718704E+04,2.560962E+05,2.959515E+00,3.478080E+01,3.019545E+05,6.530413E+04,1.210887E+01,3.840748E+00
07:00:00,8.753452E+04,1.659522E+05,4.104838E+00,1.307432E+01,0.000000E+00,1.282405E+05,0.000000E+00,7.543524E+00,4.082973E+05,1.360880E+06,2.106643E+01,1.130037E+02,1.134796E+05,2.855224E+05,3.851819E+00,3.877904E+01,1.102281E+05,1.590682E+06,5.147133E+00,1.130580E+02,4.781018E+05,1.095632E+06,2.466580E+01,9.577033E+01,8.720400E+04,2.714615E+05,2.960106E+00,3.686794E+01,3.101909E+05,9.585738E+04,1.244115E+01,5.638440E+00
08:00:00,1.756072E+05,2.469727E+05,8.807493E+00,2.071964E+01,0.000000E+00,1.492410E+05,0.000000E+00,8.780348E+00,4.083028E+05,1.316838E+06,2.106839E+01,1.144159E+02,1.134958E+05,3.010033E+05,3.852432E+00,4.088268E+01,1.102275E+05,1.496364E+06,5.147198E+00,1.104197E+02,4.781067E+05,1.124151E+06,2.466851E+01,9.829078E+01,8.720391E+04,2.858674E+05,2.960110E+00,3.882503E+01,3.168865E+05,1.377037E+05,1.271096E+01,8.101625E+00
09:00:00,1.498479E+05,2.323959E+05,7.732524E+00,2.027767E+01,1.270578E+04,4.208183E+05,5.747041E-01,2.826124E+01,4.083799E+05,1.286788E+06,2.107381E+01,1.124837E+02,1.135284E+05,3.110811E+05,3.853585E+00,4.224992E+01,1.102378E+05,1.446036E+06,5.147750E+00,1.072688E+02,4.782037E+05,1.154774E+06,2.467563E+01,1.009305E+02,8.720594E+04,2.954307E+05,2.960185E+00,4.012301E+01,5.693122E+05,4.802340E+05,2.500810E+01,3.235162E+01
10:00:00,1.288091E+05,2.229365E+05,6.648165E+00,1.946628E+01,2.458652E+05,8.295867E+05,1.213401E+01,6.924531E+01,4.083677E+05,1.301770E+06,2.107367E+01,1.138261E+02,1.135418E+05,3.154402E+05,3.854057E+00,4.284182E+01,1.102335E+05,1.438393E+06,5.147572E+00,1.067311E+02,4.781857E+05,1.184851E+06,2.467542E+01,1.035569E+02,8.720511E+04,2.998014E+05,2.960158E+00,4.071654E+01,9.378179E+05,9.268398E+05,4.736332E+01,7.747579E+01
11:00:00,1.233769E+05,2.222361E+05,6.367826E+00,1.940521E+01,1.479351E+05,6.517327E+05,7.679551E+00,5.747804E+01,4.075959E+05,1.319340E+06,2.103388E+01,1.153647E+02,1.133703E+05,3.141689E+05,3.848237E+00,4.266915E+01,1.100777E+05,1.426859E+06,5.140300E+00,1.058786E+02,4.772101E+05,1.212332E+06,2.462514E+01,1.059590E+02,8.717468E+04,2.987699E+05,2.959126E+00,4.057645E+01,7.446315E+05,7.539738E+05,3.864668E+01,6.650651E+01
12:00:00,1.197666E+05,2.196142E+05,6.181197E+00,1.917942E+01,1.777527E+05,6.266739E+05,9.227056E+00,5.527353E+01,4.078665E+05,1.328485E+06,2.104221E+01,1.162693E+02,1.134685E+05,3.097282E+05,3.851334E+00,4.206892E+01,1.101412E+05,1.409901E+06,5.142915E+00,1.047013E+02,4.775340E+05,1.229594E+06,2.463384E+01,1.075387E+02,8.718740E+04,2.947230E+05,2.959528E+00,4.002845E+01,7.233771E+05,7.328899E+05,3.753655E+01,6.465845E+01
13:00:00,1.168304E+05,2.191530E+05,6.029660E+00,1.913965E+01,1.574254E+05,6.003338E+05,8.171792E+00,5.294806E+01,4.078889E+05,1.333979E+06,2.104252E+01,1.167937E+02,1.134670E+05,3.107391E+05,3.851272E+00,4.220691E+01,1.101286E+05,1.400617E+06,5.142305E+00,1.040429E+02,4.775638E+05,1.243328E+06,2.463402E+01,1.087673E+02,8.718472E+04,2.956780E+05,2.959436E+00,4.015852E+01,6.925845E+05,7.128511E+05,3.593624E+01,6.289152E+01
14:00:00,1.142565E+05,2.220416E+05,5.896871E+00,1.939201E+01,1.531812E+05,5.920736E+05,7.951757E+00,5.222066E+01,4.079410E+05,1.336530E+06,2.104508E+01,1.170343E+02,1.134932E+05,3.169830E+05,3.852164E+00,4.305525E+01,1.101384E+05,1.398370E+06,5.142764E+00,1.038892E+02,4.776252E+05,1.254718E+06,2.463695E+01,1.097738E+02,8.718675E+04,3.016716E+05,2.959505E+00,4.097269E+01,6.776418E+05,7.064562E+05,3.515945E+01,6.233072E+01
15:00:00,1.119496E+05,2.247715E+05,5.777846E+00,1.963052E+01,1.497119E+05,5.860617E+05,7.771732E+00,5.169307E+01,4.079673E+05,1.332514E+06,2.104641E+01,1.166892E+02,1.135112E+05,3.228852E+05,3.852774E+00,4.385712E+01,1.101416E+05,1.396884E+06,5.142911E+00,1.037852E+02,4.776555E+05,1.258878E+06,2.463848E+01,1.101412E+02,8.718736E+04,3.076869E+05,2.959526E+00,4.178978E+01,6.648364E+05,6.959205E+05,3.449376E+01,6.140415E+01
16:00:00,1.098951E+05,2.260220E+05,5.671833E+00,1.973972E+01,1.465600E+05,5.787864E+05,7.608116E+00,5.105198E+01,4.079878E+05,1.322349E+06,2.104747E+01,1.158009E+02,1.135280E+05,3.262626E+05,3.853344E+00,4.431591E+01,1.101441E+05,1.393552E+06,5.143027E+00,1.035403E+02,4.776782E+05,1.254472E+06,2.463964E+01,1.097561E+02,8.718786E+04,3.117069E+05,2.959543E+00,4.233580E+01,6.532206E+05,6.773687E+05,3.389071E+01,5.976734E+01
17:00:00,1.080796E+05,2.261156E+05,5.578139E+00,1.974779E+01,1.436681E+05,5.705907E+05,7.457983E+00,5.032870E+01,4.080063E+05,1.306283E+06,2.104842E+01,1.143940E+02,1.135441E+05,3.279013E+05,3.853889E+00,4.453843E+01,1.101463E+05,1.389143E+06,5.143134E+00,1.032135E+02,4.776985E+05,1.243638E+06,2.464069E+01,1.088072E+02,8.718833E+04,3.142634E+05,2.959559E+00,4.268299E+01,6.427201E+05,6.538634E+05,3.334591E+01,5.769256E+01
18:00:00,1.064793E+05,2.223529E+05,5.495555E+00,1.941908E+01,1.410234E+05,5.584575E+05,7.320689E+00,4.925828E+01,4.080237E+05,1.281421E+06,2.104932E+01,1.122162E+02,1.135595E+05,3.248167E+05,3.854414E+00,4.411937E+01,1.101485E+05,1.380300E+06,5.143233E+00,1.025568E+02,4.777174E+05,1.224556E+06,2.464167E+01,1.071365E+02,8.718876E+04,3.124573E+05,2.959573E+00,4.243766E+01,6.332571E+05,6.234191E+05,3.285491E+01,5.500592E+01
19:00:00,1.050702E+05,2.112274E+05,5.422828E+00,1.844730E+01,1.386143E+05,5.377967E+05,7.195628E+00,4.743587E+01,4.080400E+05,1.248864E+06,2.105016E+01,1.093642E+02,1.135744E+05,3.126300E+05,3.854917E+00,4.246396E+01,1.101504E+05,1.361772E+06,5.143325E+00,1.011798E+02,4.777351E+05,1.192672E+06,2.464258E+01,1.043458E+02,8.718916E+04,3.020387E+05,2.959587E+00,4.102254E+01,6.247347E+05,5.804094E+05,3.241264E+01,5.121075E+01
20:00:00,1.038292E+05,1.927073E+05,5.358779E+00,1.682970E+01,1.364231E+05,5.077122E+05,7.081882E+00,4.478216E+01,4.080554E+05,1.211781E+06,2.105096E+01,1.061162E+02,1.135886E+05,2.909114E+05,3.855401E+00,3.951380E+01,1.101523E+05,1.332576E+06,5.143410E+00,9.900956E+01,4.777518E+05,1.155781E+06,2.464344E+01,1.011166E+02,8.718953E+04,2.817748E+05,2.959600E+00,3.827023E+01,6.170597E+05,5.330831E+05,3.201433E+01,4.703447E+01
21:00:00,1.027529E+05,1.847225E+05,5.303232E+00,1.613224E+01,1.344604E+05,4.906600E+05,6.979994E+00,4.327787E+01,4.080696E+05,1.190089E+06,2.105169E+01,1.042168E+02,1.136020E+05,2.811984E+05,3.855856E+00,3.819431E+01,1.101539E+05,1.317260E+06,5.143488E+00,9.787036E+01,4.777671E+05,1.135346E+06,2.464423E+01,9.932822E+01,8.718987E+04,2.721803E+05,2.959611E+00,3.696700E+01,6.102244E+05,5.031854E+05,3.165961E+01,4.439612E+01
22:00:00,1.018655E+05,1.801786E+05,5.257631E+00,1.573254E+01,1.327541E+05,4.804963E+05,6.891764E+00,4.237263E+01,4.088860E+05,1.172833E+06,2.110115E+01,1.025369E+02,1.137991E+05,2.773970E+05,3.862809E+00,3.767456E+01,1.103060E+05,1.305609E+06,5.150990E+00,9.686694E+01,4.787984E+05,1.120642E+06,2.470811E+01,9.793257E+01,8.721959E+04,2.681292E+05,2.960653E+00,3.641487E+01,0.000000E+00,0.000000E+00,0.000000E+00,0.000000E+00
23:00:00,0.000000E+00,0.000000E+00,0.000000E+00,0.000000E+00,1.309741E+05,4.638784E+05,6.799257E+00,4.090752E+01,4.083301E+05,1.162267E+06,2.107028E+01,1.016248E+02,1.136931E+05,2.746265E+05,3.859139E+00,3.729853E+01,1.102130E+05,1.300260E+06,5.146537E+00,9.648055E+01,4.780918E+05,1.111899E+06,2.466849E+01,9.717638E+01,8.720137E+04,2.648657E+05,2.960025E+00,3.597178E+01,1.434148E+05,0.000000E+00,5.755052E+00,0.000000E+00
24:00:00,0.000000E+00,0.000000E+00,0.000000E+00,0.000000E+00,1.294119E+05,4.561029E+05,6.718091E+00,4.022420E+01,4.081864E+05,1.153580E+06,2.106127E+01,1.009129E+02,1.136708E+05,2.719476E+05,3.858330E+00,3.693579E+01,1.101821E+05,1.295890E+06,5.145013E+00,9.619594E+01,4.779108E+05,1.104084E+06,2.465682E+01,9.652446E+01,8.719527E+04,2.617467E+05,2.959812E+00,3.554880E+01,2.224346E+05,1.442878E+04,8.922985E+00,8.569186E-01
Peak,1.756072E+05,2.469727E+05,8.807493E+00,2.071964E+01,2.458652E+05,8.295867E+05,1.213401E+01,6.924531E+01,4.088860E+05,1.360880E+06,2.110115E+01,1.130037E+02,1.137991E+05,3.279013E+05,3.862809E+00,4.453843E+01,1.103060E+05,1.590682E+06,5.150990E+00,1.130580E+02,4.787984E+05,1.258878E+06,2.470811E+01,1.101412E+02,8.721959E+04,3.142634E+05,2.960653E+00,4.268299E+01,9.378179E+05,9.268398E+05,4.736332E+01,7.747579E+01

Peak Vol Flow (m3/s),,,7.502601E+00,1.764988E+01,,,1.033627E+01,5.898613E+01,,,1.797486E+01,9.626144E+01,,,3.290506E+00,3.793974E+01,,,4.387834E+00,9.630767E+01,,,2.104743E+01,9.382301E+01,,,2.522011E+00,3.635921E+01,,,4.034611E+01,6.599721E+01
