Time,BUILDING STORY 1 THERMALZONE PSZ-AC:DesPer 1:Des Heat Mass Flow [kg/s],BUILDING STORY 1 THERMALZONE PSZ-AC:DesPer 1:Des Heat Cap [W],BUILDING STORY 1 THERMALZONE PSZ-AC:DesPer 1:Des Cool Mass Flow [kg/s],BUILDING STORY 1 THERMALZONE PSZ-AC:DesPer 1:Des Sens Cool Cap [W],BUILDING STORY 1 THERMALZONE PSZ-AC:DesPer 1:Des Tot Cool Cap [W],BUILDING STORY 1 THERMALZONE PSZ-AC:DesPer 2:Des Heat Mass Flow [kg/s],BUILDING STORY 1 THERMALZONE PSZ-AC:DesPer 2:Des Heat Cap [W],BUILDING STORY 1 THERMALZONE PSZ-AC:DesPer 2:Des Cool Mass Flow [kg/s],BUILDING STORY 1 THERMALZONE PSZ-AC:DesPer 2:Des Sens Cool Cap [W],BUILDING STORY 1 THERMALZONE PSZ-AC:DesPer 2:Des Tot Cool Cap [W],BUILDING STORY 1 THERMALZONE PSZ-AC:DesPer 3:Des Heat Mass Flow [kg/s],BUILDING STORY 1 THERMALZONE PSZ-AC:DesPer 3:Des Heat Cap [W],BUILDING STORY 1 THERMALZONE PSZ-AC:DesPer 3:Des Cool Mass Flow [kg/s],BUILDING STORY 1 THERMALZONE PSZ-AC:DesPer 3:Des Sens Cool Cap [W],BUILDING STORY 1 THERMALZONE PSZ-AC:DesPer 3:Des Tot Cool Cap [W],BUILDING STORY 2 THERMALZONE PSZ-AC:DesPer 1:Des Heat Mass Flow [kg/s],BUILDING STORY 2 THERMALZONE PSZ-AC:DesPer 1:Des Heat Cap [W],BUILDING STORY 2 THERMALZONE PSZ-AC:DesPer 1:Des Cool Mass Flow [kg/s],BUILDING STORY 2 THERMALZONE PSZ-AC:DesPer 1:Des Sens Cool Cap [W],BUILDING STORY 2 THERMALZONE PSZ-AC:DesPer 1:Des Tot Cool Cap [W],BUILDING STORY 2 THERMALZONE PSZ-AC:DesPer 2:Des Heat Mass Flow [kg/s],BUILDING STORY 2 THERMALZONE PSZ-AC:DesPer 2:Des Heat Cap [W],BUILDING STORY 2 THERMALZONE PSZ-AC:DesPer 2:Des Cool Mass Flow [kg/s],BUILDING STORY 2 THERMALZONE PSZ-AC:DesPer 2:Des Sens Cool Cap [W],BUILDING STORY 2 THERMALZONE PSZ-AC:DesPer 2:Des Tot Cool Cap [W],BUILDING STORY 2 THERMALZONE PSZ-AC:DesPer 3:Des Heat Mass Flow [kg/s],BUILDING STORY 2 THERMALZONE PSZ-AC:DesPer 3:Des Heat Cap [W],BUILDING STORY 2 THERMALZONE PSZ-AC:DesPer 3:Des Cool Mass Flow [kg/s],BUILDING STORY 2 THERMALZONE PSZ-AC:DesPer 3:Des Sens Cool Cap [W],BUILDING STORY 2 THERMALZONE PSZ-AC:DesPer 3:Des Tot Cool Cap [W],BUILDING STORY 3 THERMALZONE PSZ-AC:DesPer 1:Des Heat Mass Flow [kg/s],BUILDING STORY 3 THERMALZONE PSZ-AC:DesPer 1:Des Heat Cap [W],BUILDING STORY 3 THERMALZONE PSZ-AC:DesPer 1:Des Cool Mass Flow [kg/s],BUILDING STORY 3 THERMALZONE PSZ-AC:DesPer 1:Des Sens Cool Cap [W],BUILDING STORY 3 THERMALZONE PSZ-AC:DesPer 1:Des Tot Cool Cap [W],BUILDING STORY 3 THERMALZONE PSZ-AC:DesPer 2:Des Heat Mass Flow [kg/s],BUILDING STORY 3 THERMALZONE PSZ-AC:DesPer 2:Des Heat Cap [W],BUILDING STORY 3 THERMALZONE PSZ-AC:DesPer 2:Des Cool Mass Flow [kg/s],BUILDING STORY 3 THERMALZONE PSZ-AC:DesPer 2:Des Sens Cool Cap [W],BUILDING STORY 3 THERMALZONE PSZ-AC:DesPer 2:Des Tot Cool Cap [W],BUILDING STORY 3 THERMALZONE PSZ-AC:DesPer 3:Des Heat Mass Flow [kg/s],BUILDING STORY 3 THERMALZONE PSZ-AC:DesPer 3:Des Heat Cap [W],BUILDING STORY 3 THERMALZONE PSZ-AC:DesPer 3:Des Cool Mass Flow [kg/s],BUILDING STORY 3 THERMALZONE PSZ-AC:DesPer 3:Des Sens Cool Cap [W],BUILDING STORY 3 THERMALZONE PSZ-AC:DesPer 3:Des Tot Cool Cap [W]
01:00:00,1.786267E+00,5.005026E+04,7.389570E+00,9.114432E+04,1.591217E+05,1.786267E+00,5.453763E+04,7.244899E+00,8.473495E+04,1.593799E+05,1.786267E+00,1.190049E+05,1.786267E+00,0.000000E+00,0.000000E+00,4.115015E+00,1.153006E+05,4.115015E+00,3.861363E+04,8.990703E+04,4.115015E+00,1.256381E+05,4.115015E+00,2.827611E+04,9.368582E+04,4.115015E+00,2.741511E+05,4.115015E+00,0.000000E+00,0.000000E+00,4.115015E+00,1.153006E+05,4.115015E+00,3.861363E+04,8.990703E+04,4.115015E+00,1.256381E+05,4.115015E+00,2.827611E+04,9.368582E+04,4.115015E+00,2.741511E+05,4.115015E+00,0.000000E+00,0.000000E+00
02:00:00,1.786267E+00,5.071798E+04,2.123510E+00,2.176949E+04,4.990593E+04,1.786267E+00,5.520535E+04,2.042615E+00,1.591988E+04,4.737237E+04,1.786267E+00,1.190049E+05,1.786267E+00,0.000000E+00,0.000000E+00,4.115015E+00,1.168388E+05,4.115015E+00,3.707540E+04,8.833082E+04,4.115015E+00,1.271763E+05,4.115015E+00,2.673788E+04,8.850846E+04,4.115015E+00,2.741511E+05,4.115015E+00,0.000000E+00,0.000000E+00,4.115015E+00,1.168388E+05,4.115015E+00,3.707540E+04,8.833082E+04,4.115015E+00,1.271763E+05,4.115015E+00,2.673788E+04,8.850846E+04,4.115015E+00,2.741511E+05,4.115015E+00,0.000000E+00,0.000000E+00
03:00:00,1.786267E+00,5.121877E+04,3.046494E+00,3.738183E+04,8.831459E+04,1.786267E+00,5.570614E+04,2.937327E+00,3.100692E+04,8.393580E+04,1.786267E+00,1.190049E+05,1.786267E+00,0.000000E+00,0.000000E+00,4.115015E+00,1.179925E+05,4.115015E+00,3.592174E+04,8.714873E+04,4.115015E+00,1.283300E+05,4.115015E+00,2.558422E+04,8.467671E+04,4.115015E+00,2.741511E+05,4.115015E+00,0.000000E+00,0.000000E+00,4.115015E+00,1.179925E+05,4.115015E+00,3.592174E+04,8.714873E+04,4.115015E+00,1.283300E+05,4.115015E+00,2.558422E+04,8.467671E+04,4.115015E+00,2.741511E+05,4.115015E+00,0.000000E+00,0.000000E+00
04:00:00,1.786267E+00,5.171956E+04,3.324051E+00,4.159593E+04,9.739609E+04,1.786267E+00,5.620693E+04,3.217206E+00,3.526476E+04,9.231901E+04,1.786267E+00,1.190049E+05,1.786267E+00,0.000000E+00,0.000000E+00,4.115015E+00,1.191461E+05,4.115015E+00,3.476807E+04,8.596657E+04,4.115015E+00,1.294837E+05,4.115015E+00,2.443055E+04,8.088820E+04,4.115015E+00,2.741511E+05,4.115015E+00,0.000000E+00,0.000000E+00,4.115015E+00,1.191461E+05,4.115015E+00,3.476807E+04,8.596657E+04,4.115015E+00,1.294837E+05,4.115015E+00,2.443055E+04,8.088820E+04,4.115015E+00,2.741511E+05,4.115015E+00,0.000000E+00,0.000000E+00
05:00:00,1.786267E+00,5.205342E+04,3.509731E+00,4.446877E+04,1.004529E+05,1.786267E+00,5.654079E+04,3.400772E+00,3.810125E+04,9.477700E+04,1.786267E+00,1.190049E+05,1.786267E+00,0.000000E+00,0.000000E+00,4.115015E+00,1.199152E+05,4.115015E+00,3.399896E+04,8.517853E+04,4.115015E+00,1.302528E+05,4.115015E+00,2.366144E+04,7.838622E+04,4.115015E+00,2.741511E+05,4.115015E+00,0.000000E+00,0.000000E+00,4.115015E+00,1.199152E+05,4.115015E+00,3.399896E+04,8.517853E+04,4.115015E+00,1.302528E+05,4.115015E+00,2.366144E+04,7.838622E+04,4.115015E+00,2.741511E+05,4.115015E+00,0.000000E+00,0.000000E+00
06:00:00,1.786267E+00,5.171956E+04,4.217378E+00,5.644179E+04,1.197253E+05,1.786267E+00,5.620693E+04,4.103184E+00,5.000761E+04,1.150230E+05,1.786267E+00,1.190049E+05,1.786267E+00,0.000000E+00,0.000000E+00,4.115015E+00,1.191461E+05,4.115015E+00,3.476807E+04,8.596657E+04,4.115015E+00,1.294837E+05,4.115015E+00,2.443055E+04,8.088820E+04,4.115015E+00,2.741511E+05,4.115015E+00,0.000000E+00,0.000000E+00,4.115015E+00,1.191461E+05,4.115015E+00,3.476807E+04,8.596657E+04,4.115015E+00,1.294837E+05,4.115015E+00,2.443055E+04,8.088820E+04,4.115015E+00,2.741511E+05,4.115015E+00,0.000000E+00,0.000000E+00
07:00:00,1.786267E+00,5.055105E+04,9.183278E+00,1.171582E+05,2.032902E+05,1.786267E+00,5.503842E+04,9.021603E+00,1.104550E+05,2.022510E+05,1.786267E+00,1.190049E+05,1.786267E+00,0.000000E+00,0.000000E+00,4.115015E+00,1.164542E+05,6.130348E+00,6.131448E+04,1.508371E+05,4.115015E+00,1.267918E+05,5.719344E+00,4.610931E+04,1.409977E+05,4.115015E+00,2.741511E+05,4.115015E+00,0.000000E+00,0.000000E+00,4.115015E+00,1.164542E+05,6.732641E+00,6.845416E+04,1.646295E+05,4.115015E+00,1.267918E+05,6.353565E+00,5.362335E+04,1.569257E+05,4.115015E+00,2.741511E+05,4.115015E+00,0.000000E+00,0.000000E+00
08:00:00,1.786267E+00,4.771324E+04,9.006580E+00,1.149130E+05,1.889325E+05,1.786267E+00,5.220061E+04,8.850962E+00,1.083588E+05,1.947590E+05,1.786267E+00,1.190049E+05,1.786267E+00,0.000000E+00,0.000000E+00,4.115015E+00,1.099168E+05,9.835571E+00,1.083929E+05,2.317173E+05,4.115015E+00,1.202543E+05,9.703979E+00,9.657074E+04,2.514633E+05,4.115015E+00,2.741511E+05,4.115015E+00,0.000000E+00,0.000000E+00,4.115015E+00,1.099168E+05,9.815886E+00,1.081741E+05,2.243944E+05,4.115015E+00,1.202543E+05,9.641995E+00,9.587635E+04,2.418863E+05,4.115015E+00,2.741511E+05,4.115015E+00,0.000000E+00,0.000000E+00
09:00:00,1.786267E+00,4.454157E+04,8.989291E+00,1.177815E+05,1.849895E+05,1.786267E+00,4.902894E+04,8.838388E+00,1.112897E+05,1.982414E+05,1.786267E+00,1.190049E+05,1.786267E+00,0.000000E+00,0.000000E+00,4.115015E+00,1.026102E+05,1.008529E+01,1.183758E+05,1.952445E+05,4.115015E+00,1.129478E+05,9.962902E+00,1.066464E+05,2.276733E+05,4.115015E+00,2.741511E+05,4.115015E+00,0.000000E+00,0.000000E+00,4.115015E+00,1.026102E+05,9.929935E+00,1.166546E+05,1.925306E+05,4.115015E+00,1.129478E+05,9.768623E+00,1.044927E+05,2.240848E+05,4.115015E+00,2.741511E+05,4.115015E+00,0.000000E+00,0.000000E+00
10:00:00,1.786267E+00,4.170377E+04,8.966119E+00,1.202993E+05,1.912632E+05,1.786267E+00,4.619113E+04,8.709192E+00,1.123998E+05,2.033312E+05,1.786267E+00,1.190049E+05,1.786267E+00,0.000000E+00,0.000000E+00,4.115015E+00,9.607278E+04,9.759254E+00,1.213286E+05,1.982921E+05,4.115015E+00,1.064103E+05,9.637356E+00,1.096095E+05,2.294889E+05,4.115015E+00,2.741511E+05,4.115015E+00,0.000000E+00,0.000000E+00,4.115015E+00,9.607278E+04,9.783146E+00,1.216081E+05,1.997074E+05,4.115015E+00,1.064103E+05,9.622089E+00,1.094509E+05,2.306072E+05,4.115015E+00,2.741511E+05,4.115015E+00,0.000000E+00,0.000000E+00
11:00:00,1.786267E+00,3.919982E+04,8.950505E+00,1.225806E+05,1.946952E+05,1.786267E+00,4.368718E+04,8.768145E+00,1.156679E+05,2.089650E+05,1.786267E+00,1.190049E+05,1.786267E+00,0.000000E+00,0.000000E+00,4.115015E+00,9.030445E+04,9.608505E+00,1.254290E+05,2.072693E+05,4.115015E+00,1.006420E+05,9.487140E+00,1.137209E+05,2.387719E+05,4.115015E+00,2.741511E+05,4.115015E+00,0.000000E+00,0.000000E+00,4.115015E+00,9.030445E+04,9.694455E+00,1.263965E+05,2.087615E+05,4.115015E+00,1.006420E+05,9.534774E+00,1.142573E+05,2.399306E+05,4.115015E+00,2.741511E+05,4.115015E+00,0.000000E+00,0.000000E+00
12:00:00,1.786267E+00,3.753052E+04,8.876648E+00,1.232619E+05,1.943775E+05,1.786267E+00,4.201788E+04,8.720311E+00,1.166897E+05,2.088619E+05,1.786267E+00,1.190049E+05,1.786267E+00,0.000000E+00,0.000000E+00,4.115015E+00,8.645889E+04,9.445529E+00,1.274352E+05,2.081430E+05,4.115015E+00,9.679641E+04,9.325577E+00,1.157441E+05,2.397981E+05,4.115015E+00,2.741511E+05,4.115015E+00,0.000000E+00,0.000000E+00,4.115015E+00,8.645889E+04,9.557855E+00,1.286985E+05,2.097478E+05,4.115015E+00,9.679641E+04,9.400117E+00,1.165816E+05,2.410101E+05,4.115015E+00,2.741511E+05,4.115015E+00,0.000000E+00,0.000000E+00
13:00:00,1.786267E+00,3.619508E+04,8.835422E+00,1.240504E+05,1.950207E+05,1.786267E+00,4.068244E+04,8.680843E+00,1.175012E+05,2.092690E+05,1.786267E+00,1.190049E+05,1.786267E+00,0.000000E+00,0.000000E+00,4.115015E+00,8.338244E+04,9.327395E+00,1.291823E+05,2.089356E+05,4.115015E+00,9.371997E+04,9.208383E+00,1.175018E+05,2.405580E+05,4.115015E+00,2.741511E+05,4.115015E+00,0.000000E+00,0.000000E+00,4.115015E+00,8.338244E+04,9.462759E+00,1.307053E+05,2.109356E+05,4.115015E+00,9.371997E+04,9.306360E+00,1.186034E+05,2.421725E+05,4.115015E+00,2.741511E+05,4.115015E+00,0.000000E+00,0.000000E+00
14:00:00,1.786267E+00,3.536043E+04,8.828961E+00,1.247991E+05,1.960580E+05,1.786267E+00,3.984779E+04,8.675813E+00,1.182694E+05,2.103240E+05,1.786267E+00,1.190049E+05,1.786267E+00,0.000000E+00,0.000000E+00,4.115015E+00,8.145967E+04,9.253117E+00,1.302708E+05,2.100407E+05,4.115015E+00,9.179719E+04,9.134675E+00,1.185968E+05,2.416480E+05,4.115015E+00,2.741511E+05,4.115015E+00,0.000000E+00,0.000000E+00,4.115015E+00,8.145967E+04,9.411334E+00,1.320510E+05,2.123911E+05,4.115015E+00,9.179719E+04,9.255846E+00,1.199594E+05,2.436275E+05,4.115015E+00,2.741511E+05,4.115015E+00,0.000000E+00,0.000000E+00
15:00:00,1.786267E+00,3.536043E+04,8.800883E+00,1.244256E+05,1.955744E+05,1.786267E+00,3.984779E+04,8.648881E+00,1.179115E+05,2.098688E+05,1.786267E+00,1.190049E+05,1.786267E+00,0.000000E+00,0.000000E+00,4.115015E+00,8.145967E+04,9.196506E+00,1.296334E+05,2.094190E+05,4.115015E+00,9.179719E+04,9.055852E+00,1.177097E+05,2.406476E+05,4.115015E+00,2.741511E+05,4.115015E+00,0.000000E+00,0.000000E+00,4.115015E+00,8.145967E+04,9.346030E+00,1.313158E+05,2.115534E+05,4.115015E+00,9.179719E+04,9.191734E+00,1.192377E+05,2.428007E+05,4.115015E+00,2.741511E+05,4.115015E+00,0.000000E+00,0.000000E+00
16:00:00,1.786267E+00,3.636201E+04,8.750890E+00,1.227611E+05,1.936437E+05,1.786267E+00,4.084937E+04,8.599871E+00,1.162601E+05,2.079337E+05,1.786267E+00,1.190049E+05,1.786267E+00,0.000000E+00,0.000000E+00,4.115015E+00,8.376700E+04,9.157598E+00,1.268874E+05,2.065713E+05,4.115015E+00,9.410452E+04,9.033319E+00,1.151481E+05,2.381221E+05,4.115015E+00,2.741511E+05,4.115015E+00,0.000000E+00,0.000000E+00,4.115015E+00,8.376700E+04,9.265330E+00,1.280999E+05,2.080165E+05,4.115015E+00,9.410452E+04,9.112225E+00,1.160353E+05,2.392600E+05,4.115015E+00,2.741511E+05,4.115015E+00,0.000000E+00,0.000000E+00
17:00:00,1.786267E+00,3.769745E+04,8.723150E+00,1.210582E+05,1.919612E+05,1.786267E+00,4.218481E+04,8.572533E+00,1.145626E+05,2.062536E+05,1.786267E+00,1.190049E+05,1.786267E+00,0.000000E+00,0.000000E+00,4.115015E+00,8.684345E+04,9.122469E+00,1.234150E+05,2.029436E+05,4.115015E+00,9.718097E+04,9.002452E+00,1.117234E+05,2.345274E+05,4.115015E+00,2.741511E+05,4.115015E+00,0.000000E+00,0.000000E+00,4.115015E+00,8.684345E+04,9.214125E+00,1.244471E+05,2.042322E+05,4.115015E+00,9.718097E+04,9.061569E+00,1.123887E+05,2.354654E+05,4.115015E+00,2.741511E+05,4.115015E+00,0.000000E+00,0.000000E+00
18:00:00,1.786267E+00,3.936675E+04,8.649266E+00,1.184093E+05,1.889390E+05,1.786267E+00,4.385411E+04,8.499248E+00,1.119218E+05,2.032199E+05,1.786267E+00,1.190049E+05,1.786267E+00,0.000000E+00,0.000000E+00,4.115015E+00,9.068900E+04,9.043539E+00,1.186810E+05,1.977910E+05,4.115015E+00,1.010265E+05,8.924790E+00,1.070037E+05,2.293446E+05,4.115015E+00,2.741511E+05,4.115015E+00,0.000000E+00,0.000000E+00,4.115015E+00,9.068900E+04,9.118683E+00,1.195271E+05,1.988723E+05,4.115015E+00,1.010265E+05,8.967070E+00,1.074794E+05,2.300888E+05,4.115015E+00,2.741511E+05,4.115015E+00,0.000000E+00,0.000000E+00
19:00:00,1.786267E+00,4.187070E+04,8.424610E+00,1.129282E+05,1.821606E+05,1.786267E+00,4.635806E+04,8.275844E+00,1.064577E+05,1.963807E+05,1.786267E+00,1.190049E+05,1.786267E+00,0.000000E+00,0.000000E+00,4.115015E+00,9.645734E+04,8.886026E+00,1.111404E+05,1.894542E+05,4.115015E+00,1.067949E+05,8.769300E+00,9.948604E+04,2.209898E+05,4.115015E+00,2.741511E+05,4.115015E+00,0.000000E+00,0.000000E+00,4.115015E+00,9.645734E+04,8.921079E+00,1.115353E+05,1.899092E+05,4.115015E+00,1.067949E+05,8.771408E+00,9.950957E+04,2.210946E+05,4.115015E+00,2.741511E+05,4.115015E+00,0.000000E+00,0.000000E+00
20:00:00,1.786267E+00,4.370692E+04,8.016303E+00,1.056825E+05,1.729747E+05,1.786267E+00,4.819429E+04,7.870379E+00,9.925043E+04,1.871169E+05,1.786267E+00,1.190049E+05,1.786267E+00,0.000000E+00,0.000000E+00,4.115015E+00,1.006875E+05,8.561806E+00,1.032626E+05,1.800684E+05,4.115015E+00,1.110250E+05,8.449051E+00,9.165316E+04,2.115947E+05,4.115015E+00,2.741511E+05,4.115015E+00,0.000000E+00,0.000000E+00,4.115015E+00,1.006875E+05,8.480007E+00,1.023427E+05,1.786497E+05,4.115015E+00,1.110250E+05,8.334626E+00,9.036561E+04,2.097891E+05,4.115015E+00,2.741511E+05,4.115015E+00,0.000000E+00,0.000000E+00
21:00:00,1.786267E+00,4.520929E+04,7.788215E+00,1.011598E+05,1.686998E+05,1.786267E+00,4.969666E+04,7.644019E+00,9.475113E+04,1.828498E+05,1.786267E+00,1.190049E+05,1.786267E+00,0.000000E+00,0.000000E+00,4.115015E+00,1.041485E+05,8.349301E+00,9.741143E+04,1.737349E+05,4.115015E+00,1.144860E+05,8.239243E+00,8.583244E+04,2.052003E+05,4.115015E+00,2.741511E+05,4.115015E+00,0.000000E+00,0.000000E+00,4.115015E+00,1.041485E+05,8.222777E+00,9.598873E+04,1.718121E+05,4.115015E+00,1.144860E+05,8.080208E+00,8.404349E+04,2.028790E+05,4.115015E+00,2.741511E+05,4.115015E+00,0.000000E+00,0.000000E+00
22:00:00,1.786267E+00,4.671166E+04,7.668252E+00,9.806410E+04,1.661097E+05,1.786267E+00,5.119903E+04,7.524288E+00,9.165842E+04,1.762242E+05,1.786267E+00,1.190049E+05,1.786267E+00,0.000000E+00,0.000000E+00,4.115015E+00,1.076095E+05,8.209117E+00,9.237171E+04,1.684599E+05,4.115015E+00,1.179470E+05,8.100192E+00,8.080547E+04,1.905679E+05,4.115015E+00,2.741511E+05,4.115015E+00,0.000000E+00,0.000000E+00,4.115015E+00,1.076095E+05,8.077891E+00,9.089552E+04,1.666068E+05,4.115015E+00,1.179470E+05,7.936372E+00,7.896210E+04,1.883132E+05,4.115015E+00,2.741511E+05,4.115015E+00,0.000000E+00,0.000000E+00
23:00:00,1.786267E+00,4.788017E+04,7.578103E+00,9.569661E+04,1.637371E+05,1.786267E+00,5.236754E+04,7.434212E+00,8.929182E+04,1.704206E+05,1.786267E+00,1.190049E+05,1.786267E+00,0.000000E+00,0.000000E+00,4.115015E+00,1.103013E+05,8.098312E+00,8.843128E+04,1.642059E+05,4.115015E+00,1.206389E+05,7.990515E+00,7.687771E+04,1.792371E+05,4.115015E+00,2.741511E+05,4.115015E+00,0.000000E+00,0.000000E+00,4.115015E+00,1.103013E+05,7.959350E+00,8.686739E+04,1.622294E+05,4.115015E+00,1.206389E+05,7.818981E+00,7.494688E+04,1.768385E+05,4.115015E+00,2.741511E+05,4.115015E+00,0.000000E+00,0.000000E+00
24:00:00,1.786267E+00,4.904868E+04,7.498309E+00,9.346818E+04,1.613261E+05,1.786267E+00,5.353605E+04,7.354460E+00,8.706508E+04,1.646529E+05,1.786267E+00,1.190049E+05,1.786267E+00,0.000000E+00,0.000000E+00,4.115015E+00,1.129932E+05,8.002129E+00,8.465585E+04,1.600865E+05,4.115015E+00,1.233308E+05,7.896069E+00,7.312205E+04,1.683059E+05,4.115015E+00,2.741511E+05,4.115015E+00,0.000000E+00,0.000000E+00,4.115015E+00,1.129932E+05,7.852584E+00,8.297268E+04,1.579206E+05,4.115015E+00,1.233308E+05,7.713596E+00,7.106795E+04,1.656886E+05,4.115015E+00,2.741511E+05,4.115015E+00,0.000000E+00,0.000000E+00
Coinc Peak   ,1.786267E+00,9.183278E+00,1.190049E+05,1.247991E+05,4.115015E+00,1.008529E+01,2.741511E+05,1.302708E+05,4.115015E+00,9.929935E+00,2.741511E+05,1.320510E+05
NonCoinc Peak,1.786267E+00,9.183278E+00,1.190049E+05,1.247991E+05,4.115015E+00,1.008529E+01,2.741511E+05,1.302708E+05,4.115015E+00,9.929935E+00,2.741511E+05,1.320510E+05
