{
  "id": "13",
  "name": "Hotel 1",
  "directory_name": "C:/urbanopt-example-reopt-project/run/baseline_scenario/13",
  "feature_type": "Building",
  "timesteps_per_hour": 1,
  "simulation_status": "Complete",
  "timeseries_csv": {
    "path": "C:/urbanopt-example-reopt-project/run/baseline_scenario/13/011_default_feature_reports/default_feature_reports.csv",
    "first_report_datetime": "0",
    "column_names": [
      "Datetime",
      "Electricity:Facility(kWh)",
      "ElectricityProduced:Facility()",
      "Gas:Facility(kBtu)",
      "DistrictCooling:Facility()",
      "DistrictHeating:Facility()",
      "District Cooling Chilled Water Rate()",
      "District Cooling Mass Flow Rate()",
      "District Cooling Inlet Temperature()",
      "District Cooling Outlet Temperature()",
      "District Heating Hot Water Rate()",
      "District Heating Mass Flow Rate()",
      "District Heating Inlet Temperature()",
      "District Heating Outlet Temperature()",
      "Zone Thermal Comfort Fanger Model PMV BUILDING STORY 1 THERMALZONE LARGEHOTEL BANQUET PEOPLE 1()",
      "Zone Thermal Comfort Fanger Model PMV BUILDING STORY 1 THERMALZONE LARGEHOTEL CAFE PEOPLE 1()",
      "Zone Thermal Comfort Fanger Model PMV BUILDING STORY 1 THERMALZONE LARGEHOTEL KITCHEN PEOPLE 1()",
      "Zone Thermal Comfort Fanger Model PMV BUILDING STORY 1 THERMALZONE LARGEHOTEL LAUNDRY PEOPLE 1()",
      "Zone Thermal Comfort Fanger Model PMV BUILDING STORY 1 THERMALZONE LARGEHOTEL RETAIL PEOPLE 1()",
      "Zone Thermal Comfort Fanger Model PMV BUILDING STORY 10 THERMALZONE LARGEHOTEL GUESTROOM PEOPLE 8()",
      "Zone Thermal Comfort Fanger Model PMV BUILDING STORY 2 THERMALZONE LARGEHOTEL GUESTROOM PEOPLE 1()",
      "Zone Thermal Comfort Fanger Model PMV BUILDING STORY 2 THERMALZONE LARGEHOTEL LOBBY PEOPLE 2()",
      "Zone Thermal Comfort Fanger Model PMV BUILDING STORY 3 THERMALZONE LARGEHOTEL GUESTROOM PEOPLE 3()",
      "Zone Thermal Comfort Fanger Model PMV BUILDING STORY 4 THERMALZONE LARGEHOTEL BANQUET PEOPLE 2()",
      "Zone Thermal Comfort Fanger Model PMV BUILDING STORY 4 THERMALZONE LARGEHOTEL LOBBY PEOPLE 1()",
      "Zone Thermal Comfort Fanger Model PMV BUILDING STORY 5 THERMALZONE LARGEHOTEL GUESTROOM PEOPLE 4()",
      "Zone Thermal Comfort Fanger Model PMV BUILDING STORY 6 THERMALZONE LARGEHOTEL GUESTROOM PEOPLE 2()",
      "Zone Thermal Comfort Fanger Model PMV BUILDING STORY 7 THERMALZONE LARGEHOTEL GUESTROOM PEOPLE 5()",
      "Zone Thermal Comfort Fanger Model PMV BUILDING STORY 8 THERMALZONE LARGEHOTEL GUESTROOM PEOPLE 6()",
      "Zone Thermal Comfort Fanger Model PMV BUILDING STORY 9 THERMALZONE LARGEHOTEL GUESTROOM PEOPLE 7()",
      "Zone Thermal Comfort Fanger Model PPD BUILDING STORY 1 THERMALZONE LARGEHOTEL BANQUET PEOPLE 1()",
      "Zone Thermal Comfort Fanger Model PPD BUILDING STORY 1 THERMALZONE LARGEHOTEL CAFE PEOPLE 1()",
      "Zone Thermal Comfort Fanger Model PPD BUILDING STORY 1 THERMALZONE LARGEHOTEL KITCHEN PEOPLE 1()",
      "Zone Thermal Comfort Fanger Model PPD BUILDING STORY 1 THERMALZONE LARGEHOTEL LAUNDRY PEOPLE 1()",
      "Zone Thermal Comfort Fanger Model PPD BUILDING STORY 1 THERMALZONE LARGEHOTEL RETAIL PEOPLE 1()",
      "Zone Thermal Comfort Fanger Model PPD BUILDING STORY 10 THERMALZONE LARGEHOTEL GUESTROOM PEOPLE 8()",
      "Zone Thermal Comfort Fanger Model PPD BUILDING STORY 2 THERMALZONE LARGEHOTEL GUESTROOM PEOPLE 1()",
      "Zone Thermal Comfort Fanger Model PPD BUILDING STORY 2 THERMALZONE LARGEHOTEL LOBBY PEOPLE 2()",
      "Zone Thermal Comfort Fanger Model PPD BUILDING STORY 3 THERMALZONE LARGEHOTEL GUESTROOM PEOPLE 3()",
      "Zone Thermal Comfort Fanger Model PPD BUILDING STORY 4 THERMALZONE LARGEHOTEL BANQUET PEOPLE 2()",
      "Zone Thermal Comfort Fanger Model PPD BUILDING STORY 4 THERMALZONE LARGEHOTEL LOBBY PEOPLE 1()",
      "Zone Thermal Comfort Fanger Model PPD BUILDING STORY 5 THERMALZONE LARGEHOTEL GUESTROOM PEOPLE 4()",
      "Zone Thermal Comfort Fanger Model PPD BUILDING STORY 6 THERMALZONE LARGEHOTEL GUESTROOM PEOPLE 2()",
      "Zone Thermal Comfort Fanger Model PPD BUILDING STORY 7 THERMALZONE LARGEHOTEL GUESTROOM PEOPLE 5()",
      "Zone Thermal Comfort Fanger Model PPD BUILDING STORY 8 THERMALZONE LARGEHOTEL GUESTROOM PEOPLE 6()",
      "Zone Thermal Comfort Fanger Model PPD BUILDING STORY 9 THERMALZONE LARGEHOTEL GUESTROOM PEOPLE 7()",
      "Net Electric Energy(kWh)",
      "Electricity:Facility Power(kW)",
      "ElectricityProduced:Facility Power(kW)",
      "Electricity:Facility Apparent Power(kW)",
      "ElectricityProduced:Facility Apparent Power(kW)",
      "Net Power(kW)",
      "Net Apparent Power(kW)"
    ]
  },
  "location": {
    "latitude": 42.93,
    "longitude": -78.73,
    "surface_elevation": 215.0
  },
  "program": {
    "floor_area": 315994.1805994723,
    "conditioned_area": 315994.1805994723,
    "unconditioned_area": 0.0,
    "footprint_area": 315994.1805994723,
    "maximum_roof_height": 30.0,
    "maximum_number_of_stories": 10,
    "number_of_residential_units": 1,
    "building_types": [
      {
        "building_type": "LargeHotel",
        "floor_area": 315994.20322880504,
        "maximum_occupancy": 4065.6477867103645
      }
    ],
    "window_area": {
      "north_window_area": 4885.523659936209,
      "south_window_area": 4885.523659936209,
      "east_window_area": 5639.212667314223,
      "west_window_area": 5639.32030641839,
      "total_window_area": 21049.580293605028
    },
    "wall_area": {
      "north_wall_area": 16285.04298675264,
      "south_wall_area": 16285.150625856808,
      "east_wall_area": 18797.55495622102,
      "west_wall_area": 18797.55495622102,
      "total_wall_area": 70165.3035250515
    },
    "roof_area": {
      "total_roof_area": 63198.840645761025
    },
    "orientation": 0.0,
    "aspect_ratio": 0.8663383628711313
  },
  "construction_costs": [

  ],
  "reporting_periods": [
    {
      "start_date": {
        "month": 1,
        "day_of_month": 1,
        "year": "2019"
      },
      "end_date": {
        "month": 12,
        "day_of_month": 31,
        "year": "2019"
      },
      "total_site_energy": 31154568.659445874,
      "total_source_energy": 66191472.06906473,
      "net_site_energy": 31154568.659445874,
      "net_source_energy": 66191472.06906473,
      "electricity": 15564048.063637763,
      "natural_gas": 15590520.595808113,
      "additional_fuel": 0.0,
      "district_cooling": 0.0,
      "district_heating": 0.0,
      "water": 15098.91,
      "electricity_produced": 15564049.011454882,
      "end_uses": {
        "electricity": {
          "heating": 0.0,
          "cooling": 3343690.2806989145,
          "interior_lighting": 2247625.084597391,
          "exterior_lighting": 332010.8590745519,
          "interior_equipment": 4230221.546012772,
          "exterior_equipment": 0.0,
          "fans": 3196863.9305911786,
          "pumps": 9686.690969602103,
          "heat_rejection": 0.0,
          "humidification": 0.0,
          "heat_recovery": 0.0,
          "water_systems": 2203949.671693354,
          "refrigeration": 0.0,
          "generators": 0.0
        },
        "natural_gas": {
          "heating": 7866247.061129923,
          "cooling": 0.0,
          "interior_lighting": 0.0,
          "exterior_lighting": 0.0,
          "interior_equipment": 5320704.09927565,
          "exterior_equipment": 0.0,
          "fans": 0.0,
          "pumps": 0.0,
          "heat_rejection": 0.0,
          "humidification": 0.0,
          "heat_recovery": 0.0,
          "water_systems": 2403569.4354025414,
          "refrigeration": 0.0,
          "generators": 0.0
        },
        "additional_fuel": {
          "heating": 0.0,
          "cooling": 0.0,
          "interior_lighting": 0.0,
          "exterior_lighting": 0.0,
          "interior_equipment": 0.0,
          "exterior_equipment": 0.0,
          "fans": 0.0,
          "pumps": 0.0,
          "heat_rejection": 0.0,
          "humidification": 0.0,
          "heat_recovery": 0.0,
          "water_systems": 0.0,
          "refrigeration": 0.0,
          "generators": 0.0
        },
        "district_cooling": {
          "heating": 0.0,
          "cooling": 0.0,
          "interior_lighting": 0.0,
          "exterior_lighting": 0.0,
          "interior_equipment": 0.0,
          "exterior_equipment": 0.0,
          "fans": 0.0,
          "pumps": 0.0,
          "heat_rejection": 0.0,
          "humidification": 0.0,
          "heat_recovery": 0.0,
          "water_systems": 0.0,
          "refrigeration": 0.0,
          "generators": 0.0
        },
        "district_heating": {
          "heating": 0.0,
          "cooling": 0.0,
          "interior_lighting": 0.0,
          "exterior_lighting": 0.0,
          "interior_equipment": 0.0,
          "exterior_equipment": 0.0,
          "fans": 0.0,
          "pumps": 0.0,
          "heat_rejection": 0.0,
          "humidification": 0.0,
          "heat_recovery": 0.0,
          "water_systems": 0.0,
          "refrigeration": 0.0,
          "generators": 0.0
        },
        "water": {
          "heating": 0.0,
          "cooling": 0.0,
          "interior_lighting": 0.0,
          "exterior_lighting": 0.0,
          "interior_equipment": 0.0,
          "exterior_equipment": 0.0,
          "fans": 0.0,
          "pumps": 0.0,
          "heat_rejection": 0.0,
          "humidification": 0.0,
          "heat_recovery": 0.0,
          "water_systems": 14311005.396069948,
          "refrigeration": 0.0,
          "generators": 0.0
        }
      },
      "energy_production": {
        "electricity_produced": {
          "photovoltaic": 0.0
        }
      },
      "utility_costs": [
        {

        }
      ],
      "comfort_result": {
        "time_setpoint_not_met_during_occupied_cooling": 0.0,
        "time_setpoint_not_met_during_occupied_heating": 0.0,
        "time_setpoint_not_met_during_occupied_hours": 0.0,
        "hours_out_of_comfort_bounds_PMV": 3332.0,
        "hours_out_of_comfort_bounds_PPD": 588.0
      }
    }
  ],
  "distributed_generation": {
    "solar_pv": [

    ],
    "wind": [

    ],
    "generator": [

    ],
    "storage": [

    ]
  },
  "power_distribution": {

  }
}
