Time,BUILDING STORY 1 THERMALZONE:BUFFALO NIAGARA INTL AP ANN HTG 99.6% CONDNS DB:Des Heat Load [W],BUILDING STORY 1 THERMALZONE:BUFFALO NIAGARA INTL AP ANN CLG .4% CONDNS DB=>MWB:Des Sens Cool Load [W],BUILDING STORY 1 THERMALZONE:BUFFALO NIAGARA INTL AP ANN HTG 99.6% CONDNS DB:Des Heat Mass Flow [kg/s],BUILDING STORY 1 THERMALZONE:BUFFALO NIAGARA INTL AP ANN CLG .4% CONDNS DB=>MWB:Des Cool Mass Flow [kg/s],BUILDING STORY 2 THERMALZONE:BUFFALO NIAGARA INTL AP ANN HTG 99.6% CONDNS DB:Des Heat Load [W],BUILDING STORY 2 THERMALZONE:BUFFALO NIAGARA INTL AP ANN CLG .4% CONDNS DB=>MWB:Des Sens Cool Load [W],BUILDING STORY 2 THERMALZONE:BUFFALO NIAGARA INTL AP ANN HTG 99.6% CONDNS DB:Des Heat Mass Flow [kg/s],BUILDING STORY 2 THERMALZONE:BUFFALO NIAGARA INTL AP ANN CLG .4% CONDNS DB=>MWB:Des Cool Mass Flow [kg/s],BUILDING STORY 3 THERMALZONE:BUFFALO NIAGARA INTL AP ANN HTG 99.6% CONDNS DB:Des Heat Load [W],BUILDING STORY 3 THERMALZONE:BUFFALO NIAGARA INTL AP ANN CLG .4% CONDNS DB=>MWB:Des Sens Cool Load [W],BUILDING STORY 3 THERMALZONE:BUFFALO NIAGARA INTL AP ANN HTG 99.6% CONDNS DB:Des Heat Mass Flow [kg/s],BUILDING STORY 3 THERMALZONE:BUFFALO NIAGARA INTL AP ANN CLG .4% CONDNS DB=>MWB:Des Cool Mass Flow [kg/s],BUILDING STORY 4 THERMALZONE:BUFFALO NIAGARA INTL AP ANN HTG 99.6% CONDNS DB:Des Heat Load [W],BUILDING STORY 4 THERMALZONE:BUFFALO NIAGARA INTL AP ANN CLG .4% CONDNS DB=>MWB:Des Sens Cool Load [W],BUILDING STORY 4 THERMALZONE:BUFFALO NIAGARA INTL AP ANN HTG 99.6% CONDNS DB:Des Heat Mass Flow [kg/s],BUILDING STORY 4 THERMALZONE:BUFFALO NIAGARA INTL AP ANN CLG .4% CONDNS DB=>MWB:Des Cool Mass Flow [kg/s],BUILDING STORY 5 THERMALZONE:BUFFALO NIAGARA INTL AP ANN HTG 99.6% CONDNS DB:Des Heat Load [W],BUILDING STORY 5 THERMALZONE:BUFFALO NIAGARA INTL AP ANN CLG .4% CONDNS DB=>MWB:Des Sens Cool Load [W],BUILDING STORY 5 THERMALZONE:BUFFALO NIAGARA INTL AP ANN HTG 99.6% CONDNS DB:Des Heat Mass Flow [kg/s],BUILDING STORY 5 THERMALZONE:BUFFALO NIAGARA INTL AP ANN CLG .4% CONDNS DB=>MWB:Des Cool Mass Flow [kg/s],BUILDING STORY 6 THERMALZONE:BUFFALO NIAGARA INTL AP ANN HTG 99.6% CONDNS DB:Des Heat Load [W],BUILDING STORY 6 THERMALZONE:BUFFALO NIAGARA INTL AP ANN CLG .4% CONDNS DB=>MWB:Des Sens Cool Load [W],BUILDING STORY 6 THERMALZONE:BUFFALO NIAGARA INTL AP ANN HTG 99.6% CONDNS DB:Des Heat Mass Flow [kg/s],BUILDING STORY 6 THERMALZONE:BUFFALO NIAGARA INTL AP ANN CLG .4% CONDNS DB=>MWB:Des Cool Mass Flow [kg/s]
01:00:00,0.000000E+00,2.171687E+04,0.000000E+00,1.528665E+00,0.000000E+00,5.888339E+04,0.000000E+00,4.145283E+00,1.675389E+05,4.129455E+04,6.730344E+00,2.907706E+00,1.824153E+05,3.903941E+04,7.327592E+00,2.748901E+00,1.114479E+04,6.427748E+04,4.504871E-01,4.525574E+00,7.088322E+04,5.375573E+04,2.850219E+00,3.784654E+00
02:00:00,0.000000E+00,2.158825E+04,0.000000E+00,1.519609E+00,0.000000E+00,6.373552E+04,0.000000E+00,4.486286E+00,1.726701E+05,4.329616E+04,6.935329E+00,3.048461E+00,1.875026E+05,4.083044E+04,7.530623E+00,2.874847E+00,2.410054E+04,7.201893E+04,9.697469E-01,5.069778E+00,8.064425E+04,5.962297E+04,3.240712E+00,4.197113E+00
03:00:00,0.000000E+00,2.252567E+04,0.000000E+00,1.585564E+00,0.000000E+00,6.543238E+04,0.000000E+00,4.605653E+00,1.779563E+05,4.425770E+04,7.146858E+00,3.116211E+00,1.927848E+05,4.167969E+04,7.741857E+00,2.934687E+00,3.144998E+04,7.562266E+04,1.263871E+00,5.323347E+00,8.794063E+04,6.210185E+04,3.533735E+00,4.371562E+00
04:00:00,1.618690E+02,2.234379E+04,6.537460E-03,1.572743E+00,0.000000E+00,6.656193E+04,0.000000E+00,4.685081E+00,1.823833E+05,4.432069E+04,7.324004E+00,3.120678E+00,1.972015E+05,4.161846E+04,7.918471E+00,2.930408E+00,3.609514E+04,7.791015E+04,1.450455E+00,5.484207E+00,9.342589E+04,6.341055E+04,3.754045E+00,4.463584E+00
05:00:00,3.989812E+03,2.215543E+04,1.603561E-01,1.559458E+00,2.536898E+03,6.753355E+04,1.023887E-01,4.753412E+00,1.863624E+05,4.447191E+04,7.482291E+00,3.131318E+00,2.011874E+05,4.168830E+04,8.076800E+00,2.935316E+00,3.955884E+04,7.940411E+04,1.589445E+00,5.589257E+00,9.754969E+04,6.416209E+04,3.919465E+00,4.516410E+00
06:00:00,4.591531E+04,0.000000E+00,1.927443E+00,0.000000E+00,4.905801E+04,1.557021E+04,2.064408E+00,9.205010E-01,2.479540E+05,0.000000E+00,1.064496E+01,0.000000E+00,2.638838E+05,0.000000E+00,1.133099E+01,0.000000E+00,7.920631E+04,2.481989E+04,3.365700E+00,1.468917E+00,1.532380E+05,1.337926E+04,6.563115E+00,7.913211E-01
07:00:00,6.608103E+04,1.042445E+05,3.057403E+00,7.750568E+00,6.030804E+04,1.010524E+05,2.784574E+00,7.269723E+00,2.971549E+05,9.704676E+04,1.394157E+01,7.110172E+00,3.140229E+05,1.009421E+05,1.473420E+01,7.450729E+00,1.222948E+05,1.389684E+05,5.705566E+00,1.019425E+01,1.941869E+05,9.142483E+04,9.097422E+00,6.520320E+00
08:00:00,7.903325E+04,1.012137E+05,3.972736E+00,8.458020E+00,1.004652E+05,1.714823E+05,5.062072E+00,1.433406E+01,3.127462E+05,1.679813E+05,1.579892E+01,1.406951E+01,3.302300E+05,1.662738E+05,1.668059E+01,1.392695E+01,1.330455E+05,1.932499E+05,6.711331E+00,1.613564E+01,2.024983E+05,1.762313E+05,1.023085E+01,1.474142E+01
09:00:00,5.289450E+04,8.858671E+04,2.729785E+00,7.733946E+00,9.052733E+04,1.661821E+05,4.671691E+00,1.449825E+01,2.769884E+05,1.584073E+05,1.428829E+01,1.382952E+01,2.943049E+05,1.578500E+05,1.518069E+01,1.378163E+01,9.874498E+04,1.753482E+05,5.095789E+00,1.529452E+01,1.631447E+05,1.617341E+05,8.419371E+00,1.411138E+01
10:00:00,5.406586E+04,8.919024E+04,2.790053E+00,7.789798E+00,9.350613E+04,1.647997E+05,4.824748E+00,1.438971E+01,2.733915E+05,1.646619E+05,1.409833E+01,1.438633E+01,2.906675E+05,1.650366E+05,1.498801E+01,1.441986E+01,9.397454E+04,1.683734E+05,4.849178E+00,1.470054E+01,1.563582E+05,1.577817E+05,8.068527E+00,1.377768E+01
11:00:00,5.092851E+04,8.866326E+04,2.628107E+00,7.744330E+00,8.884209E+04,1.631362E+05,4.584136E+00,1.424718E+01,2.668959E+05,1.687511E+05,1.376154E+01,1.474640E+01,2.841965E+05,1.697777E+05,1.465222E+01,1.483707E+01,8.515736E+04,1.638361E+05,4.394108E+00,1.430822E+01,1.469972E+05,1.558918E+05,7.585268E+00,1.361506E+01
12:00:00,5.046012E+04,8.714096E+04,2.604005E+00,7.611423E+00,8.648255E+04,1.610338E+05,4.462701E+00,1.406445E+01,2.626736E+05,1.700909E+05,1.354316E+01,1.486429E+01,2.799704E+05,1.715829E+05,1.443353E+01,1.499564E+01,8.035980E+04,1.592181E+05,4.146632E+00,1.390626E+01,1.417865E+05,1.536097E+05,7.316348E+00,1.341664E+01
13:00:00,5.024689E+04,8.647939E+04,2.593028E+00,7.553664E+00,8.444132E+04,1.598329E+05,4.357491E+00,1.396016E+01,2.593475E+05,1.717935E+05,1.337136E+01,1.501358E+01,2.766448E+05,1.736420E+05,1.426173E+01,1.517602E+01,7.684197E+04,1.564510E+05,3.965105E+00,1.366526E+01,1.380773E+05,1.527091E+05,7.124890E+00,1.333866E+01
14:00:00,5.012063E+04,8.648146E+04,2.586518E+00,7.553901E+00,8.259407E+04,1.590575E+05,4.262181E+00,1.389273E+01,2.565974E+05,1.731658E+05,1.322945E+01,1.513368E+01,2.738950E+05,1.752364E+05,1.411983E+01,1.531551E+01,7.423353E+04,1.547956E+05,3.830480E+00,1.352100E+01,1.354180E+05,1.525185E+05,6.987623E+00,1.332235E+01
15:00:00,5.004421E+04,8.571838E+04,2.582575E+00,7.487299E+00,8.092018E+04,1.576646E+05,4.175792E+00,1.377113E+01,2.543330E+05,1.720784E+05,1.311264E+01,1.503861E+01,2.716309E+05,1.741969E+05,1.400303E+01,1.522461E+01,7.228920E+04,1.528035E+05,3.730124E+00,1.334710E+01,1.335029E+05,1.514632E+05,6.888775E+00,1.323025E+01
16:00:00,4.999662E+04,8.492775E+04,2.580120E+00,7.418235E+00,7.938047E+04,1.562681E+05,4.096331E+00,1.364914E+01,2.524550E+05,1.687496E+05,1.301576E+01,1.474752E+01,2.697533E+05,1.706645E+05,1.390617E+01,1.491570E+01,7.082024E+04,1.509846E+05,3.654306E+00,1.318825E+01,1.321224E+05,1.498619E+05,6.817519E+00,1.309035E+01
17:00:00,4.996683E+04,8.574348E+04,2.578582E+00,7.489475E+00,7.796464E+04,1.561023E+05,4.023267E+00,1.363465E+01,2.509172E+05,1.660706E+05,1.293642E+01,1.451318E+01,2.682159E+05,1.676631E+05,1.382686E+01,1.465314E+01,6.972787E+04,1.509512E+05,3.597925E+00,1.318535E+01,1.311207E+05,1.494375E+05,6.765816E+00,1.305324E+01
18:00:00,4.994769E+04,8.532809E+04,2.577595E+00,7.453235E+00,7.665894E+04,1.549517E+05,3.955888E+00,1.353419E+01,2.496294E+05,1.613038E+05,1.286998E+01,1.409653E+01,2.669285E+05,1.625140E+05,1.376044E+01,1.420303E+01,6.888690E+04,1.498021E+05,3.554518E+00,1.308504E+01,1.303879E+05,1.474833E+05,6.727992E+00,1.288257E+01
19:00:00,4.993516E+04,8.036267E+04,2.576949E+00,7.019505E+00,7.545201E+04,1.504282E+05,3.893604E+00,1.313909E+01,2.485578E+05,1.498910E+05,1.281470E+01,1.309902E+01,2.658573E+05,1.505596E+05,1.370518E+01,1.315811E+01,6.824590E+04,1.436912E+05,3.521433E+00,1.255127E+01,1.298541E+05,1.401535E+05,6.700440E+00,1.224230E+01
20:00:00,4.992695E+04,6.936718E+04,2.576525E+00,6.058945E+00,7.433516E+04,1.415737E+05,3.835967E+00,1.236562E+01,2.476826E+05,1.332285E+05,1.276955E+01,1.164246E+01,2.649825E+05,1.335756E+05,1.366005E+01,1.167334E+01,6.776809E+04,1.307219E+05,3.496769E+00,1.141829E+01,1.294719E+05,1.261705E+05,6.680711E+00,1.102075E+01
21:00:00,4.992121E+04,6.436665E+04,2.576229E+00,5.621955E+00,7.329904E+04,1.370396E+05,3.782496E+00,1.196945E+01,2.469472E+05,1.233681E+05,1.273161E+01,1.078027E+01,2.642474E+05,1.233980E+05,1.362213E+01,1.078334E+01,6.739722E+04,1.239114E+05,3.477626E+00,1.082316E+01,1.291891E+05,1.183148E+05,6.666113E+00,1.033434E+01
22:00:00,4.991702E+04,6.271900E+04,2.576013E+00,5.478116E+00,7.233684E+04,1.340945E+05,3.732840E+00,1.171227E+01,2.463317E+05,1.164599E+05,1.269986E+01,1.017665E+01,2.636323E+05,1.161385E+05,1.359040E+01,1.014898E+01,6.711039E+04,1.197708E+05,3.462820E+00,1.046157E+01,1.289809E+05,1.130930E+05,6.655364E+00,9.878298E+00
23:00:00,0.000000E+00,3.074598E+03,0.000000E+00,2.166666E-01,0.000000E+00,5.090610E+04,0.000000E+00,3.585852E+00,9.427585E+04,2.532411E+04,3.794708E+00,1.793291E+00,1.084895E+05,2.380706E+04,4.360222E+00,1.685237E+00,0.000000E+00,3.732288E+04,0.000000E+00,2.642272E+00,5.217059E+03,3.120397E+04,2.097167E-01,2.210708E+00
24:00:00,0.000000E+00,1.990520E+04,0.000000E+00,1.407098E+00,0.000000E+00,5.941410E+04,0.000000E+00,4.206399E+00,1.454676E+05,3.847055E+04,5.853060E+00,2.727576E+00,1.604099E+05,3.643515E+04,6.453755E+00,2.582891E+00,0.000000E+00,5.736568E+04,0.000000E+00,4.068757E+00,4.671546E+04,4.848821E+04,1.883335E+00,3.440084E+00
Peak,7.903325E+04,1.042445E+05,3.972736E+00,7.750568E+00,1.004652E+05,1.714823E+05,5.062072E+00,1.433406E+01,3.127462E+05,1.731658E+05,1.579892E+01,1.513368E+01,3.302300E+05,1.752364E+05,1.668059E+01,1.531551E+01,1.330455E+05,1.932499E+05,6.711331E+00,1.613564E+01,2.024983E+05,1.762313E+05,1.023085E+01,1.474142E+01

Peak Vol Flow (m3/s),,,3.384148E+00,6.602267E+00,,,4.312091E+00,1.221036E+01,,,1.345819E+01,1.289152E+01,,,1.420924E+01,1.304641E+01,,,5.717000E+00,1.374503E+01,,,8.715078E+00,1.255738E+01
