Time,1 ZONE VAV:DesPer 1:Des Heat Mass Flow [kg/s],1 ZONE VAV:DesPer 1:Des Heat Cap [W],1 ZONE VAV:DesPer 1:Des Cool Mass Flow [kg/s],1 ZONE VAV:DesPer 1:Des Sens Cool Cap [W],1 ZONE VAV:DesPer 1:Des Tot Cool Cap [W],1 ZONE VAV:DesPer 2:Des Heat Mass Flow [kg/s],1 ZONE VAV:DesPer 2:Des Heat Cap [W],1 ZONE VAV:DesPer 2:Des Cool Mass Flow [kg/s],1 ZONE VAV:DesPer 2:Des Sens Cool Cap [W],1 ZONE VAV:DesPer 2:Des Tot Cool Cap [W],1 ZONE VAV:DesPer 3:Des Heat Mass Flow [kg/s],1 ZONE VAV:DesPer 3:Des Heat Cap [W],1 ZONE VAV:DesPer 3:Des Cool Mass Flow [kg/s],1 ZONE VAV:DesPer 3:Des Sens Cool Cap [W],1 ZONE VAV:DesPer 3:Des Tot Cool Cap [W],1 ZONE VAV 1:DesPer 1:Des Heat Mass Flow [kg/s],1 ZONE VAV 1:DesPer 1:Des Heat Cap [W],1 ZONE VAV 1:DesPer 1:Des Cool Mass Flow [kg/s],1 ZONE VAV 1:DesPer 1:Des Sens Cool Cap [W],1 ZONE VAV 1:DesPer 1:Des Tot Cool Cap [W],1 ZONE VAV 1:DesPer 2:Des Heat Mass Flow [kg/s],1 ZONE VAV 1:DesPer 2:Des Heat Cap [W],1 ZONE VAV 1:DesPer 2:Des Cool Mass Flow [kg/s],1 ZONE VAV 1:DesPer 2:Des Sens Cool Cap [W],1 ZONE VAV 1:DesPer 2:Des Tot Cool Cap [W],1 ZONE VAV 1:DesPer 3:Des Heat Mass Flow [kg/s],1 ZONE VAV 1:DesPer 3:Des Heat Cap [W],1 ZONE VAV 1:DesPer 3:Des Cool Mass Flow [kg/s],1 ZONE VAV 1:DesPer 3:Des Sens Cool Cap [W],1 ZONE VAV 1:DesPer 3:Des Tot Cool Cap [W],1 ZONE VAV 2:DesPer 1:Des Heat Mass Flow [kg/s],1 ZONE VAV 2:DesPer 1:Des Heat Cap [W],1 ZONE VAV 2:DesPer 1:Des Cool Mass Flow [kg/s],1 ZONE VAV 2:DesPer 1:Des Sens Cool Cap [W],1 ZONE VAV 2:DesPer 1:Des Tot Cool Cap [W],1 ZONE VAV 2:DesPer 2:Des Heat Mass Flow [kg/s],1 ZONE VAV 2:DesPer 2:Des Heat Cap [W],1 ZONE VAV 2:DesPer 2:Des Cool Mass Flow [kg/s],1 ZONE VAV 2:DesPer 2:Des Sens Cool Cap [W],1 ZONE VAV 2:DesPer 2:Des Tot Cool Cap [W],1 ZONE VAV 2:DesPer 3:Des Heat Mass Flow [kg/s],1 ZONE VAV 2:DesPer 3:Des Heat Cap [W],1 ZONE VAV 2:DesPer 3:Des Cool Mass Flow [kg/s],1 ZONE VAV 2:DesPer 3:Des Sens Cool Cap [W],1 ZONE VAV 2:DesPer 3:Des Tot Cool Cap [W],1 ZONE VAV 3:DesPer 1:Des Heat Mass Flow [kg/s],1 ZONE VAV 3:DesPer 1:Des Heat Cap [W],1 ZONE VAV 3:DesPer 1:Des Cool Mass Flow [kg/s],1 ZONE VAV 3:DesPer 1:Des Sens Cool Cap [W],1 ZONE VAV 3:DesPer 1:Des Tot Cool Cap [W],1 ZONE VAV 3:DesPer 2:Des Heat Mass Flow [kg/s],1 ZONE VAV 3:DesPer 2:Des Heat Cap [W],1 ZONE VAV 3:DesPer 2:Des Cool Mass Flow [kg/s],1 ZONE VAV 3:DesPer 2:Des Sens Cool Cap [W],1 ZONE VAV 3:DesPer 2:Des Tot Cool Cap [W],1 ZONE VAV 3:DesPer 3:Des Heat Mass Flow [kg/s],1 ZONE VAV 3:DesPer 3:Des Heat Cap [W],1 ZONE VAV 3:DesPer 3:Des Cool Mass Flow [kg/s],1 ZONE VAV 3:DesPer 3:Des Sens Cool Cap [W],1 ZONE VAV 3:DesPer 3:Des Tot Cool Cap [W]
01:00:00,8.850914E+00,0.000000E+00,8.850914E+00,8.305338E+04,1.933795E+05,8.850914E+00,0.000000E+00,8.850914E+00,6.081858E+04,2.015072E+05,8.850914E+00,2.586153E+05,8.850914E+00,0.000000E+00,0.000000E+00,4.571445E+01,0.000000E+00,1.436236E+02,1.728745E+06,3.015358E+06,4.571445E+01,0.000000E+00,1.431467E+02,1.607579E+06,3.052271E+06,4.571445E+01,1.335733E+06,4.571445E+01,0.000000E+00,0.000000E+00,7.341052E+01,0.000000E+00,7.341052E+01,6.888545E+05,1.603912E+06,7.341052E+01,0.000000E+00,7.341052E+01,5.044365E+05,1.671324E+06,7.341052E+01,2.144986E+06,7.341052E+01,0.000000E+00,0.000000E+00,8.850914E+00,0.000000E+00,8.850914E+00,8.305338E+04,1.933795E+05,8.850914E+00,0.000000E+00,8.850914E+00,6.081858E+04,2.015072E+05,8.850914E+00,2.586153E+05,8.850914E+00,0.000000E+00,0.000000E+00
02:00:00,8.850914E+00,0.000000E+00,8.850914E+00,7.974484E+04,1.899892E+05,8.850914E+00,0.000000E+00,8.850914E+00,5.751005E+04,1.903713E+05,8.850914E+00,2.586153E+05,8.850914E+00,0.000000E+00,0.000000E+00,4.571445E+01,0.000000E+00,4.847326E+01,4.583608E+05,1.069767E+06,4.571445E+01,0.000000E+00,4.823357E+01,3.394792E+05,1.064279E+06,4.571445E+01,1.335733E+06,4.571445E+01,0.000000E+00,0.000000E+00,7.341052E+01,0.000000E+00,7.341052E+01,6.614131E+05,1.575793E+06,7.341052E+01,0.000000E+00,7.341052E+01,4.769951E+05,1.578962E+06,7.341052E+01,2.144986E+06,7.341052E+01,0.000000E+00,0.000000E+00,8.850914E+00,0.000000E+00,8.850914E+00,7.974484E+04,1.899892E+05,8.850914E+00,0.000000E+00,8.850914E+00,5.751005E+04,1.903713E+05,8.850914E+00,2.586153E+05,8.850914E+00,0.000000E+00,0.000000E+00
03:00:00,8.850914E+00,0.000000E+00,8.850914E+00,7.726344E+04,1.874467E+05,8.850914E+00,0.000000E+00,8.850914E+00,5.502864E+04,1.821297E+05,8.850914E+00,2.586153E+05,8.850914E+00,0.000000E+00,0.000000E+00,4.571445E+01,0.000000E+00,6.082146E+01,6.602323E+05,1.520690E+06,4.571445E+01,0.000000E+00,6.044924E+01,5.389554E+05,1.481254E+06,4.571445E+01,1.335733E+06,4.571445E+01,0.000000E+00,0.000000E+00,7.341052E+01,0.000000E+00,7.341052E+01,6.408320E+05,1.554705E+06,7.341052E+01,0.000000E+00,7.341052E+01,4.564140E+05,1.510605E+06,7.341052E+01,2.144986E+06,7.341052E+01,0.000000E+00,0.000000E+00,8.850914E+00,0.000000E+00,8.850914E+00,7.726344E+04,1.874467E+05,8.850914E+00,0.000000E+00,8.850914E+00,5.502864E+04,1.821297E+05,8.850914E+00,2.586153E+05,8.850914E+00,0.000000E+00,0.000000E+00
04:00:00,8.850914E+00,0.000000E+00,8.850914E+00,7.478203E+04,1.849040E+05,8.850914E+00,0.000000E+00,8.850914E+00,5.254724E+04,1.739810E+05,8.850914E+00,2.586153E+05,8.850914E+00,0.000000E+00,0.000000E+00,4.571445E+01,0.000000E+00,6.776171E+01,7.663276E+05,1.785462E+06,4.571445E+01,0.000000E+00,6.740237E+01,6.452859E+05,1.718281E+06,4.571445E+01,1.335733E+06,4.571445E+01,0.000000E+00,0.000000E+00,7.341052E+01,0.000000E+00,7.341052E+01,6.202510E+05,1.533615E+06,7.341052E+01,0.000000E+00,7.341052E+01,4.358330E+05,1.443019E+06,7.341052E+01,2.144986E+06,7.341052E+01,0.000000E+00,0.000000E+00,8.850914E+00,0.000000E+00,8.850914E+00,7.478203E+04,1.849040E+05,8.850914E+00,0.000000E+00,8.850914E+00,5.254724E+04,1.739810E+05,8.850914E+00,2.586153E+05,8.850914E+00,0.000000E+00,0.000000E+00
05:00:00,8.850914E+00,0.000000E+00,8.850914E+00,7.312776E+04,1.832090E+05,8.850914E+00,0.000000E+00,8.850914E+00,5.089297E+04,1.685995E+05,8.850914E+00,2.586153E+05,8.850914E+00,0.000000E+00,0.000000E+00,4.571445E+01,0.000000E+00,7.295204E+01,8.472299E+05,1.931608E+06,4.571445E+01,0.000000E+00,7.257476E+01,7.258806E+05,1.845764E+06,4.571445E+01,1.335733E+06,4.571445E+01,0.000000E+00,0.000000E+00,7.341052E+01,0.000000E+00,7.341052E+01,6.065303E+05,1.519557E+06,7.341052E+01,0.000000E+00,7.341052E+01,4.221123E+05,1.398384E+06,7.341052E+01,2.144986E+06,7.341052E+01,0.000000E+00,0.000000E+00,8.850914E+00,0.000000E+00,8.850914E+00,7.312776E+04,1.832090E+05,8.850914E+00,0.000000E+00,8.850914E+00,5.089297E+04,1.685995E+05,8.850914E+00,2.586153E+05,8.850914E+00,0.000000E+00,0.000000E+00
06:00:00,8.850914E+00,0.000000E+00,8.850914E+00,7.478203E+04,1.849040E+05,8.850914E+00,0.000000E+00,8.850914E+00,5.254724E+04,1.739810E+05,8.850914E+00,2.586153E+05,8.850914E+00,0.000000E+00,0.000000E+00,4.571445E+01,0.000000E+00,8.703630E+01,1.084499E+06,2.293426E+06,4.571445E+01,0.000000E+00,8.609469E+01,9.582475E+05,2.236013E+06,4.571445E+01,1.335733E+06,4.571445E+01,0.000000E+00,0.000000E+00,7.341052E+01,0.000000E+00,7.341052E+01,6.202510E+05,1.533615E+06,7.341052E+01,0.000000E+00,7.341052E+01,4.358330E+05,1.443019E+06,7.341052E+01,2.144986E+06,7.341052E+01,0.000000E+00,0.000000E+00,8.850914E+00,0.000000E+00,8.850914E+00,7.478203E+04,1.849040E+05,8.850914E+00,0.000000E+00,8.850914E+00,5.254724E+04,1.739810E+05,2.387372E+01,1.914608E+05,8.850914E+00,0.000000E+00,0.000000E+00
07:00:00,8.850914E+00,0.000000E+00,2.560375E+01,2.888069E+05,5.172139E+05,8.850914E+00,0.000000E+00,2.190967E+01,2.203068E+05,4.695826E+05,2.311023E+01,1.662430E+05,8.850914E+00,0.000000E+00,0.000000E+00,4.571445E+01,0.000000E+00,1.777115E+02,2.216914E+06,3.860948E+06,4.571445E+01,0.000000E+00,1.771033E+02,2.094093E+06,3.869844E+06,4.571445E+01,1.335733E+06,4.571445E+01,0.000000E+00,0.000000E+00,7.341052E+01,0.000000E+00,1.311552E+02,1.352093E+06,3.186901E+06,7.341052E+01,0.000000E+00,1.276914E+02,1.126655E+06,3.131689E+06,7.341052E+01,2.144986E+06,7.341052E+01,0.000000E+00,0.000000E+00,8.850914E+00,0.000000E+00,3.646820E+01,4.262704E+05,6.992410E+05,8.850914E+00,0.000000E+00,2.848570E+01,3.034053E+05,5.958512E+05,4.183448E+01,4.545893E+04,8.850914E+00,0.000000E+00,0.000000E+00
08:00:00,8.850914E+00,0.000000E+00,4.182438E+01,4.793540E+05,7.697448E+05,8.850914E+00,0.000000E+00,3.782208E+01,4.102535E+05,7.814769E+05,4.077932E+01,5.409726E+03,8.850914E+00,0.000000E+00,0.000000E+00,4.571445E+01,0.000000E+00,1.783973E+02,2.253897E+06,3.720954E+06,4.571445E+01,0.000000E+00,1.779231E+02,2.132758E+06,3.908190E+06,4.571445E+01,1.335733E+06,4.571445E+01,0.000000E+00,0.000000E+00,7.341052E+01,0.000000E+00,1.833210E+02,2.027894E+06,3.945165E+06,7.341052E+01,0.000000E+00,1.815943E+02,1.823841E+06,4.238635E+06,7.341052E+01,2.144986E+06,7.341052E+01,0.000000E+00,0.000000E+00,8.850914E+00,0.000000E+00,6.813041E+01,7.876691E+05,1.151619E+06,8.850914E+00,0.000000E+00,6.389365E+01,7.152535E+05,1.210403E+06,5.979245E+01,0.000000E+00,8.850914E+00,0.000000E+00,0.000000E+00
09:00:00,8.850914E+00,0.000000E+00,3.950303E+01,4.559228E+05,6.655331E+05,8.850914E+00,0.000000E+00,3.631007E+01,3.976451E+05,7.219945E+05,3.384844E+01,5.218938E+04,8.850914E+00,0.000000E+00,0.000000E+00,4.571445E+01,0.000000E+00,1.692923E+02,2.209051E+06,3.505050E+06,4.571445E+01,0.000000E+00,1.688074E+02,2.087764E+06,3.861814E+06,4.571445E+01,1.335733E+06,4.571445E+01,0.000000E+00,0.000000E+00,7.341052E+01,0.000000E+00,1.721166E+02,2.026527E+06,3.370347E+06,7.341052E+01,0.000000E+00,1.705464E+02,1.824394E+06,3.930309E+06,7.341052E+01,2.144986E+06,7.341052E+01,0.000000E+00,0.000000E+00,8.850914E+00,0.000000E+00,6.319265E+01,7.231643E+05,9.607523E+05,8.850914E+00,0.000000E+00,5.935325E+01,6.575054E+05,1.027508E+06,5.088724E+01,0.000000E+00,8.850914E+00,0.000000E+00,0.000000E+00
10:00:00,8.850914E+00,0.000000E+00,3.904239E+01,4.647490E+05,6.644475E+05,8.850914E+00,0.000000E+00,3.621534E+01,4.106086E+05,7.290321E+05,3.208012E+01,6.679955E+04,8.850914E+00,0.000000E+00,0.000000E+00,4.571445E+01,0.000000E+00,1.642768E+02,2.214612E+06,3.538521E+06,4.571445E+01,0.000000E+00,1.637769E+02,2.093127E+06,3.897014E+06,4.571445E+01,1.335733E+06,4.571445E+01,0.000000E+00,0.000000E+00,7.341052E+01,0.000000E+00,1.652745E+02,2.065990E+06,3.478362E+06,7.341052E+01,0.000000E+00,1.637516E+02,1.864409E+06,4.038889E+06,7.341052E+01,2.144986E+06,7.341052E+01,0.000000E+00,0.000000E+00,8.850914E+00,0.000000E+00,6.150537E+01,7.180051E+05,9.511698E+05,8.850914E+00,0.000000E+00,5.794634E+01,6.555600E+05,1.032368E+06,4.790490E+01,0.000000E+00,8.850914E+00,0.000000E+00,0.000000E+00
11:00:00,8.850914E+00,0.000000E+00,3.880759E+01,4.745084E+05,6.637049E+05,8.850914E+00,0.000000E+00,3.607670E+01,4.214479E+05,7.308737E+05,3.051873E+01,7.969553E+04,8.850914E+00,0.000000E+00,0.000000E+00,4.571445E+01,0.000000E+00,1.612896E+02,2.238778E+06,3.562582E+06,4.571445E+01,0.000000E+00,1.607885E+02,2.117272E+06,3.921223E+06,4.571445E+01,1.335733E+06,4.571445E+01,0.000000E+00,0.000000E+00,7.341052E+01,0.000000E+00,1.623463E+02,2.135649E+06,3.553091E+06,7.341052E+01,0.000000E+00,1.608605E+02,1.934494E+06,4.116269E+06,7.341052E+01,2.144986E+06,7.341052E+01,0.000000E+00,0.000000E+00,8.850914E+00,0.000000E+00,6.055182E+01,7.196244E+05,9.521549E+05,8.850914E+00,0.000000E+00,5.708348E+01,6.581942E+05,1.041988E+06,4.532476E+01,0.000000E+00,8.850914E+00,0.000000E+00,0.000000E+00
12:00:00,8.850914E+00,0.000000E+00,3.915240E+01,4.866792E+05,6.787457E+05,8.850914E+00,0.000000E+00,3.651412E+01,4.346589E+05,7.479801E+05,2.962563E+01,8.705736E+04,8.850914E+00,0.000000E+00,0.000000E+00,4.571445E+01,0.000000E+00,1.585671E+02,2.245267E+06,3.561353E+06,4.571445E+01,0.000000E+00,1.580675E+02,2.123780E+06,3.919844E+06,4.571445E+01,1.335733E+06,4.571445E+01,0.000000E+00,0.000000E+00,7.341052E+01,0.000000E+00,1.599317E+02,2.176929E+06,3.582549E+06,7.341052E+01,0.000000E+00,1.584800E+02,1.976155E+06,4.146788E+06,7.341052E+01,2.144986E+06,7.341052E+01,0.000000E+00,0.000000E+00,8.850914E+00,0.000000E+00,5.977399E+01,7.191193E+05,9.564003E+05,8.850914E+00,0.000000E+00,5.638328E+01,6.585522E+05,1.049513E+06,4.360780E+01,0.000000E+00,8.850914E+00,0.000000E+00,0.000000E+00
13:00:00,8.850914E+00,0.000000E+00,3.981965E+01,5.008167E+05,6.961337E+05,8.850914E+00,0.000000E+00,3.726021E+01,4.496825E+05,7.669561E+05,2.886196E+01,9.336365E+04,8.850914E+00,0.000000E+00,0.000000E+00,4.571445E+01,0.000000E+00,1.566377E+02,2.253820E+06,3.568427E+06,4.571445E+01,0.000000E+00,1.561379E+02,2.132330E+06,3.926913E+06,4.571445E+01,1.335733E+06,4.571445E+01,0.000000E+00,0.000000E+00,7.341052E+01,0.000000E+00,1.581408E+02,2.211618E+06,3.609597E+06,7.341052E+01,0.000000E+00,1.567143E+02,2.011125E+06,4.173987E+06,7.341052E+01,2.144986E+06,7.341052E+01,0.000000E+00,0.000000E+00,8.850914E+00,0.000000E+00,5.935873E+01,7.210446E+05,9.586232E+05,8.850914E+00,0.000000E+00,5.602603E+01,6.611258E+05,1.051768E+06,4.216918E+01,0.000000E+00,8.850914E+00,0.000000E+00,0.000000E+00
14:00:00,8.850914E+00,0.000000E+00,4.038874E+01,5.113641E+05,7.070432E+05,8.850914E+00,0.000000E+00,3.789396E+01,4.609574E+05,7.787828E+05,2.817836E+01,9.901089E+04,8.850914E+00,0.000000E+00,0.000000E+00,4.571445E+01,0.000000E+00,1.556461E+02,2.261999E+06,3.579889E+06,4.571445E+01,0.000000E+00,1.551436E+02,2.140476E+06,3.938390E+06,4.571445E+01,1.335733E+06,4.571445E+01,0.000000E+00,0.000000E+00,7.341052E+01,0.000000E+00,1.569630E+02,2.232654E+06,3.629870E+06,7.341052E+01,0.000000E+00,1.555519E+02,2.032336E+06,4.194410E+06,7.341052E+01,2.144986E+06,7.341052E+01,0.000000E+00,0.000000E+00,8.850914E+00,0.000000E+00,5.923386E+01,7.237690E+05,9.604619E+05,8.850914E+00,0.000000E+00,5.594234E+01,6.643138E+05,1.053581E+06,4.092742E+01,0.000000E+00,8.850914E+00,0.000000E+00,0.000000E+00
15:00:00,8.850914E+00,0.000000E+00,4.031742E+01,5.105600E+05,7.042243E+05,8.850914E+00,0.000000E+00,3.788047E+01,4.608055E+05,7.759587E+05,2.756181E+01,1.041029E+05,8.850914E+00,0.000000E+00,0.000000E+00,4.571445E+01,0.000000E+00,1.549191E+02,2.252328E+06,3.570559E+06,4.571445E+01,0.000000E+00,1.544154E+02,2.130788E+06,3.929040E+06,4.571445E+01,1.335733E+06,4.571445E+01,0.000000E+00,0.000000E+00,7.341052E+01,0.000000E+00,1.557378E+02,2.218853E+06,3.613254E+06,7.341052E+01,0.000000E+00,1.543394E+02,2.018679E+06,4.177910E+06,7.341052E+01,2.144986E+06,7.341052E+01,0.000000E+00,0.000000E+00,8.850914E+00,0.000000E+00,5.870771E+01,7.178380E+05,9.530046E+05,8.850914E+00,0.000000E+00,5.544756E+01,6.587379E+05,1.045782E+06,3.983460E+01,2.846475E+03,8.850914E+00,0.000000E+00,0.000000E+00
16:00:00,8.850914E+00,0.000000E+00,3.952644E+01,4.966833E+05,6.875286E+05,8.850914E+00,0.000000E+00,3.714145E+01,4.475167E+05,7.586781E+05,2.700960E+01,1.086630E+05,8.850914E+00,0.000000E+00,0.000000E+00,4.571445E+01,0.000000E+00,1.542088E+02,2.217257E+06,3.533343E+06,4.571445E+01,0.000000E+00,1.537047E+02,2.095712E+06,3.891742E+06,4.571445E+01,1.335733E+06,4.571445E+01,0.000000E+00,0.000000E+00,7.341052E+01,0.000000E+00,1.541983E+02,2.160358E+06,3.548487E+06,7.341052E+01,0.000000E+00,1.528109E+02,1.960307E+06,4.113042E+06,7.341052E+01,2.144986E+06,7.341052E+01,0.000000E+00,0.000000E+00,8.850914E+00,0.000000E+00,5.746805E+01,6.989029E+05,9.316153E+05,8.850914E+00,0.000000E+00,5.423024E+01,6.400583E+05,1.023293E+06,3.887179E+01,1.079633E+04,8.850914E+00,0.000000E+00,0.000000E+00
17:00:00,8.850914E+00,0.000000E+00,3.828248E+01,4.760460E+05,6.643583E+05,8.850914E+00,0.000000E+00,3.594263E+01,4.273914E+05,7.348674E+05,2.651806E+01,1.127223E+05,8.850914E+00,0.000000E+00,0.000000E+00,4.571445E+01,0.000000E+00,1.534995E+02,2.173668E+06,3.487343E+06,4.571445E+01,0.000000E+00,1.529948E+02,2.052115E+06,3.845639E+06,4.571445E+01,1.335733E+06,4.571445E+01,0.000000E+00,0.000000E+00,7.341052E+01,0.000000E+00,1.523935E+02,2.085163E+06,3.465904E+06,7.341052E+01,0.000000E+00,1.510138E+02,1.885200E+06,4.030223E+06,7.341052E+01,2.144986E+06,7.341052E+01,0.000000E+00,0.000000E+00,8.850914E+00,0.000000E+00,5.581933E+01,6.737033E+05,9.040077E+05,8.850914E+00,0.000000E+00,5.259733E+01,6.150422E+05,9.945006E+05,3.802208E+01,1.781247E+04,8.850914E+00,0.000000E+00,0.000000E+00
18:00:00,8.850914E+00,0.000000E+00,3.659360E+01,4.487375E+05,6.342584E+05,8.850914E+00,0.000000E+00,3.429617E+01,4.005644E+05,7.039947E+05,2.608139E+01,1.163286E+05,8.850914E+00,0.000000E+00,0.000000E+00,4.571445E+01,0.000000E+00,1.525487E+02,2.118339E+06,3.427887E+06,4.571445E+01,0.000000E+00,1.520450E+02,1.996797E+06,3.786080E+06,4.571445E+01,1.335733E+06,4.571445E+01,0.000000E+00,0.000000E+00,7.341052E+01,0.000000E+00,1.501959E+02,1.991829E+06,3.363403E+06,7.341052E+01,0.000000E+00,1.488239E+02,1.791954E+06,3.927408E+06,7.341052E+01,2.144986E+06,7.341052E+01,0.000000E+00,0.000000E+00,8.850914E+00,0.000000E+00,5.363836E+01,6.408491E+05,8.681353E+05,8.850914E+00,0.000000E+00,5.042931E+01,5.823404E+05,9.570985E+05,3.726974E+01,2.402473E+04,8.850914E+00,0.000000E+00,0.000000E+00
19:00:00,8.850914E+00,0.000000E+00,3.431361E+01,4.106288E+05,5.921978E+05,8.850914E+00,0.000000E+00,3.205983E+01,3.629519E+05,6.606833E+05,2.569368E+01,1.195307E+05,8.850914E+00,0.000000E+00,0.000000E+00,4.571445E+01,0.000000E+00,1.509797E+02,2.033459E+06,3.335016E+06,4.571445E+01,0.000000E+00,1.504802E+02,1.911975E+06,3.693087E+06,4.571445E+01,1.335733E+06,4.571445E+01,0.000000E+00,0.000000E+00,7.341052E+01,0.000000E+00,1.473582E+02,1.856993E+06,3.215722E+06,7.341052E+01,0.000000E+00,1.459978E+02,1.657248E+06,3.779284E+06,7.341052E+01,2.144986E+06,7.341052E+01,0.000000E+00,0.000000E+00,8.850914E+00,0.000000E+00,5.045929E+01,5.926083E+05,8.148247E+05,8.850914E+00,0.000000E+00,4.726192E+01,5.342398E+05,9.010693E+05,3.660204E+01,2.953808E+04,8.850914E+00,0.000000E+00,0.000000E+00
20:00:00,8.850914E+00,0.000000E+00,3.169265E+01,3.719849E+05,5.491698E+05,8.850914E+00,0.000000E+00,2.950324E+01,3.250379E+05,6.164598E+05,2.535386E+01,1.223374E+05,8.850914E+00,0.000000E+00,0.000000E+00,4.571445E+01,0.000000E+00,1.485619E+02,1.954426E+06,3.244937E+06,4.571445E+01,0.000000E+00,1.480733E+02,1.833086E+06,3.603006E+06,4.571445E+01,1.335733E+06,4.571445E+01,0.000000E+00,0.000000E+00,7.341052E+01,0.000000E+00,1.439740E+02,1.743450E+06,3.088008E+06,7.341052E+01,0.000000E+00,1.426341E+02,1.543937E+06,3.651314E+06,7.341052E+01,2.144986E+06,7.341052E+01,0.000000E+00,0.000000E+00,8.850914E+00,0.000000E+00,4.677034E+01,5.419294E+05,7.587905E+05,8.850914E+00,0.000000E+00,4.360365E+01,4.839173E+05,8.423477E+05,3.601635E+01,3.437423E+04,8.850914E+00,0.000000E+00,0.000000E+00
21:00:00,8.850914E+00,0.000000E+00,3.008009E+01,3.463628E+05,5.225008E+05,8.850914E+00,0.000000E+00,2.793456E+01,2.999131E+05,5.896341E+05,2.504955E+01,1.248507E+05,8.850914E+00,0.000000E+00,0.000000E+00,4.571445E+01,0.000000E+00,1.471396E+02,1.897133E+06,3.187431E+06,4.571445E+01,0.000000E+00,1.466565E+02,1.775867E+06,3.544826E+06,4.571445E+01,1.335733E+06,4.571445E+01,0.000000E+00,0.000000E+00,7.341052E+01,0.000000E+00,1.418013E+02,1.657256E+06,2.996496E+06,7.341052E+01,0.000000E+00,1.404737E+02,1.457881E+06,3.558513E+06,7.341052E+01,2.144986E+06,7.341052E+01,0.000000E+00,0.000000E+00,8.850914E+00,0.000000E+00,4.436601E+01,5.073849E+05,7.233106E+05,8.850914E+00,0.000000E+00,4.122463E+01,4.496648E+05,8.064899E+05,3.548976E+01,3.872243E+04,8.850914E+00,0.000000E+00,0.000000E+00
22:00:00,8.850914E+00,0.000000E+00,2.899197E+01,3.266496E+05,5.027011E+05,8.850914E+00,0.000000E+00,2.685478E+01,2.802948E+05,5.496172E+05,2.477745E+01,1.270979E+05,8.850914E+00,0.000000E+00,0.000000E+00,4.571445E+01,0.000000E+00,1.462173E+02,1.846438E+06,3.137125E+06,4.571445E+01,0.000000E+00,1.457347E+02,1.725178E+06,3.390510E+06,4.571445E+01,1.335733E+06,4.571445E+01,0.000000E+00,0.000000E+00,7.341052E+01,0.000000E+00,1.402635E+02,1.578188E+06,2.913411E+06,7.341052E+01,0.000000E+00,1.389395E+02,1.378854E+06,3.308466E+06,7.341052E+01,2.144986E+06,7.341052E+01,0.000000E+00,0.000000E+00,8.850914E+00,0.000000E+00,4.251462E+01,4.790681E+05,6.945393E+05,8.850914E+00,0.000000E+00,3.937362E+01,4.213553E+05,7.572329E+05,3.501707E+01,4.262554E+04,8.850914E+00,0.000000E+00,0.000000E+00
23:00:00,8.850914E+00,0.000000E+00,8.850914E+00,9.380612E+04,2.043975E+05,8.850914E+00,0.000000E+00,8.850914E+00,7.157133E+04,2.388983E+05,8.850914E+00,2.586153E+05,8.850914E+00,0.000000E+00,0.000000E+00,4.571445E+01,0.000000E+00,1.451048E+02,1.802713E+06,3.093259E+06,4.571445E+01,0.000000E+00,1.446204E+02,1.681434E+06,3.267773E+06,4.571445E+01,1.335733E+06,4.571445E+01,0.000000E+00,0.000000E+00,7.341052E+01,0.000000E+00,1.386464E+02,1.512488E+06,2.844506E+06,7.341052E+01,0.000000E+00,1.373240E+02,1.313171E+06,3.114131E+06,7.341052E+01,2.144986E+06,7.341052E+01,0.000000E+00,0.000000E+00,8.850914E+00,0.000000E+00,8.850914E+00,9.380612E+04,2.043975E+05,8.850914E+00,0.000000E+00,8.850914E+00,7.157133E+04,2.388983E+05,8.850914E+00,2.586153E+05,8.850914E+00,0.000000E+00,0.000000E+00
24:00:00,8.850914E+00,0.000000E+00,8.850914E+00,8.801618E+04,1.984647E+05,8.850914E+00,0.000000E+00,8.850914E+00,6.578139E+04,2.185329E+05,8.850914E+00,2.586153E+05,8.850914E+00,0.000000E+00,0.000000E+00,4.571445E+01,0.000000E+00,1.446475E+02,1.766650E+06,3.055786E+06,4.571445E+01,0.000000E+00,1.441030E+02,1.644668E+06,3.154406E+06,4.571445E+01,1.335733E+06,4.571445E+01,0.000000E+00,0.000000E+00,7.341052E+01,0.000000E+00,1.376515E+02,1.453216E+06,2.780587E+06,7.341052E+01,0.000000E+00,1.362789E+02,1.253386E+06,2.929581E+06,7.341052E+01,2.144986E+06,7.341052E+01,0.000000E+00,0.000000E+00,8.850914E+00,0.000000E+00,8.850914E+00,8.801618E+04,1.984647E+05,8.850914E+00,0.000000E+00,8.850914E+00,6.578139E+04,2.185329E+05,8.850914E+00,2.586153E+05,8.850914E+00,0.000000E+00,0.000000E+00
Coinc Peak   ,4.077932E+01,4.182438E+01,2.586153E+05,5.113641E+05,4.571445E+01,1.783973E+02,1.335733E+06,2.261999E+06,7.341052E+01,1.833210E+02,2.144986E+06,2.232654E+06,5.979245E+01,6.813041E+01,2.586153E+05,7.876691E+05
NonCoinc Peak,4.077932E+01,4.182438E+01,2.586153E+05,5.113641E+05,4.571445E+01,1.777115E+02,1.335733E+06,2.261999E+06,7.341052E+01,1.833210E+02,2.144986E+06,2.232654E+06,5.979245E+01,6.813041E+01,2.586153E+05,7.876691E+05
