<VERSION>
Format,20190510.1
Description,Urban 12.48kV - capacitors - delta-wye
</VERSION>
<PARAMETERS>
Currency:,USD
Base Power(kVA):,100
Factor to translate power in pu to kVA:,0.01
Factor to translate power in pu to MVA:,0.00001
Factor to translate 'x' dollars in Mdollars:,0.000001
W.A.C.C:,5
Rate of Demand Growth(%):   ,0.001
Rate of Vegetative Growth(%):   ,0
Years of Useful life:                 ,30
Years of demand growth:       ,1
Years of Vegetative Growth:    ,1
Years of Growth Only Losses: ,10
K demand until the end of useful life:      ,0.01
Losses rate:,0.26
Losses cost (currency/kWh)  ,0.05
</PARAMETERS>
<OTHERS>
Minimum reinforcement percentage (100% = minimum duplicate),100
Extra reinforcement percentage if not doubled,5
Maximum number of nodes to be analyzed in reoptimization from each source node,20
Use maximum admittance (YES / NO),YES
Maximum Admittance,100000
Maximum number of simultaneous new lines to resolve an infeasibility,4
Margin of design of new facilities LV (100.0 = designs with double so that 50% is left over),100
Margin of design of new facilities MV HV (100.0 = designs with double so that 50% is left over),20
Margin as a percentage of the voltage drop,0
Reduction factor in the moment limit in substations due to simplifications (p.u.),1
Export in input format (YES / NO), NO
Distance limit to merge knots of the same name (km),500
Minimum length of lines (km),0.001
Maximum number of iterations of combined load flow,6
Use z coordinate (YES / NO), NO
CONSTRAINTS_FACTOR_SUBSEQUENT_ITERATIONS,0.5
Frequency (Hz),60
Multiplicative factor of the voltage limits for the initial design without voltage regulators,1
Consider a single street map for everything, YES
Minimum number of supply points to consider settlement,1
Add electrical nodes to the street map (YES/NO), NO
Connect corners in the street map (YES/NO), NO
Factor to use euclidean instead of street map,60
Connect LV network with star or tree like configurations (YES/NO), YES
Center tap transformers (YES/NO), YES
Install voltage regulators in greenfield model (YES/NO), NO
Delta-Delta configuration in HV/MV, NO
UTM Zone,17T
Southern hemisphere (YES/NO), NO
</OTHERS>
<TARGETS>
Limit power downstream for three-phase lines (kW),500
LENGH_MAX_LV_1LINE,0.06
LENGH_MAX_MV_1LINE,10
LENGH_MAX_HV_1LINE,1000
LENGH_MAX_LV_TOTAL,0.2
LENGH_MAX_MV_TOTAL,52
LENGH_MAX_HV_TOTAL,6000
ESTIMATION_NUM_MAX_OUTPUTS LV,6
ESTIMATION_NUM_MAX_OUTPUTS MV,6
ESTIMATION_NUM_MAX_OUTPUTS HV,6
Use transformer probability (YES/NO),YES
Average number of capacitors per feeder,3
Average number of reclosers per feeder,1
Average number of switches per feeder,12
Mininum number of consumers per feeder,30
Maximum number of consumers per feeder,7500
Maximum distribution transformer capacity per feeder,40000
Minimum distance from the capacitors to the substation (km),0.6
Rural, NO
</TARGETS>
<COEFFICIENTS PEAK-VALLEY>
Coefficients day 1 (0..1),0.5
Reading CINI for DG Particular cases (YES / NO),YES
Use scenario coefficients (YES / NO),NO
Analyze valley scenario (YES / NO),NO
</COEFFICIENTS PEAK-VALLEY>
<POWER FLOW>
Number of voltages:,4
Mismatch voltages S (kV):,0.120,0.480,12.47,69
Mismatches convergence S (kVA):,0.01, 0.01,1,80
Minimum allowable voltages (pu):,0.95, 0.95, 0.95, 0.95
Maximum allowable voltages (pu):,1.05, 1.05, 1.05, 1.05
Voltage Mismatch pu:,0.0001
Maximum number of iterations for Gauss-Seidel:,5000
Minimal transformation relation:,0.9
Maximal transformation relation:,1.1
</POWER FLOW>
<EQUIPMENT TO IMPROVE RELIABILITY>
# DATA TO EVALUATE THE RELIABILITY OF THE MT NETWORK
# Name EQUIPMENT,   Investment Cost (dollars),       Preventive maintenance cost (dollars),       Corrective maintenance cost (dollars)
CInterruptor,60000,6000,600
CReconectador,60000,6000,600
CSeccionador,30000,3000,300
CTelesenalizador,51000,5100,510
CFusible,10000,1000,100
</EQUIPMENT TO IMPROVE RELIABILITY>
<GIS>
Percentage of cost affected by orography:,0.5
Maximum distance to install facade:,0
LV Trench Cost:,410105
MV Trench Cost:,1591207.4
HV Trench Cost:,1909448.88
LV Post Cost:,168197.73
LV Facade Cost:,25153.11
MV Post Cost:,218722.67
HV Post Cost:,371875
Lower number of supplies,150
Maximum number of supplies,10000
Lower Underground ratio (pu),0.99
Upeer underground ratio (pu),0.99
Number of underground clusters,9
</GIS>
<TARGET RELIABILITY>
# ZONAL QUALITY INDEXES
# RELIABILITY AREA,SAIDI,SAIFI
Urban,6.180257511,4.285714286
Semi-urban,12.36051502,5.714285714
Rural_Concentrated,20.60085837,8.571428571
Rural_Scattered,28.84120172,12.85714286
Industrial Park,6.180257511,4.285714286
# INDIVIDUAL QUALITY INDICES
# RELIABILITY AREA,SAIDI_MV,SAIFI_MV,SAIDI_LV,SAIFI_LV
Urban,12.36051502,8.571428571,18.54077253,12.85714286
Semi-urban,24.72103004,14.28571429,32.96137339,17.14285714
Rural_Concentrated,41.20171674,18.57142857,53.56223176,21.42857143
Rural_Scattered,57.68240343,25.71428571,74.16309013,30
Industrial Park,12.36051502,11.42857143,24.72103004,17.14285714
</TARGET RELIABILITY>
<LINES>
#Interurban Zone A:
#Name,Type,Nphases,Resistance(ohms/km),Ind. Reactance(ohms/km),Capacitance(nF/km),Current(A),Overload(pu) ,Voltage(kV), Failure rate minimum[failures / km year], Failure rate medium[failures / km year], Failure rate maximum[failures / km year],Investment Cost (dollars/km),Preventive maintenance cost (dollars/km),Corrective maintenance cost (dollars/km),Preventive maintenance time (hours),Repair time minimum (hours),Repair time medium (hours),Repair time maximum (hours),R0 (ohms/km),X0 (ohms/km),C0 (nF/km),Delta (0=any
1P_OH_AL_4_Periwinkle_0_120_0,IA,1,1.3647660780195607,0.32039476707722564,16.38647015012714,145,1.1,0.12,0.1,0.1,0.1,7044.866667,73.05526733,0,1,2,5,8,1.5424165434277404,2.2884418481339805,3.391348167811097,0
1P_OH_AL_1/0_Neritina_0_120_0,IA,1,0.5412865460375061,0.2854156881239978,19.485761555454932,260,1.1,0.12,0.1,0.1,0.1,8731.433333,90.54496367,0,1,2,5,8,0.7189370114456858,2.2534627691807527,3.4947752541812886,0
1P_OH_AL_2/0_Rucina_0_120_0,IA,1,0.42648939938111274,0.27668230711268743,20.475618409614153,300,1.1,0.12,0.1,0.1,0.1,9530.333333,98.82955667,0,1,2,5,8,0.6041398647892923,2.2447293881694423,3.521726542060853,0
1P_OH_AL_4/0_Zuzara_0_120_0,IA,1,0.2689933140293538,0.25919938329150216,22.83904359114291,405,1.1,0.12,0.1,0.1,0.1,11039.36667,114.4782323,0,1,2,5,8,0.44664377943753325,2.2272464643482577,3.5771518893801306,0
3P_UG_AL_4/0_15_0_480_0,IA,3,0.32912668566849046,0.25679020396600205,138.3968171963678,330,1.1,0.48,0.1,0.1,0.1,10936.75,113.4140975,0,1,20,30,40,0.7616702769483978,0.23406214188643096,138.3968171963678,0
3P_UG_AL_4/0_25_0_480_0,IA,3,0.32335479842709386,0.25913374163351066,121.32436139598691,330,1.1,0.48,0.1,0.1,0.1,11059.85,114.6906445,0,1,20,30,40,0.7572308612516513,0.2518306833342787,121.32436139598691,0
3P_UG_AL_350kcmil_15_0_480_0,IA,3,0.22121880314474754,0.23800425868314268,161.18516904454586,440,1.1,0.48,0.1,0.1,0.1,11983.1,124.264747,0,1,20,30,40,0.6305041787011884,0.2161354233566437,161.18516904454586,0
3P_UG_AL_350kcmil_25_0_480_0,IA,3,0.21520605111320204,0.24054148145710078,137.56323227628855,440,1.1,0.48,0.1,0.1,0.1,12229.3,126.817841,0,1,20,30,40,0.6260817388136003,0.23484139493476452,137.56323227628855,0
3P_UG_AL_750kcmil_15_0_480_0,IA,3,0.14787486098270125,0.17962574887947033,186.24870920868497,640,1.1,0.48,0.1,0.1,0.1,13891.15,144.0512255,0,1,20,30,40,0.3117848137958091,0.10732695441567046,186.24870920868497,0
3P_UG_AL_750kcmil_25_0_480_0,IA,3,0.14216627268399443,0.18375167280193797,164.82594436783344,640,1.1,0.48,0.1,0.1,0.1,14198.9,147.242593,0,1,20,30,40,0.310284049032827,0.12035336388599484,164.82594436783344,0
1P_OH_AL_ACSR_#2_Sparrow_4_0,IA,1,1.0574662377315351,0.7118616838227143,8.59322888249633,185,1.1,4,0.1,0.1,0.1,68923.05,714.7320285,0,6,2,5,8,1.0574662377315351,0.7118616838227143,8.59322888249633,1
1P_OH_AL_ACSR_1/0_Raven_4_0,IA,1,0.6979424543919297,0.6179245900841013,8.997845311712691,240,1.1,4,0.1,0.1,0.1,74315.06667,770.6472413,0,6,2,5,8,0.6979424543919297,0.6179245900841013,8.997845311712691,1
1P_OH_AL_ACSR_4/0_Penguin_4_0,IA,1,0.38622414914976,0.5285249910184502,9.68830058722134,365,1.1,4,0.1,0.1,0.1,84608.91667,877.3944658,0,6,2,5,8,0.38622414914976,0.5285249910184502,9.68830058722134,1
1P_OH_AL_ACSR_336kcmil_Merlin_4_0,IA,1,0.25349244473108623,0.49202279728679793,10.13359322808658,520,1.1,4,0.1,0.1,0.1,99314.41667,1029.890501,0,6,2,5,8,0.25349244473108623,0.49202279728679793,10.13359322808658,1
1P_OH_AL_ACSR_477kcmil_Hawk_4_0,IA,1,0.18201226914572152,0.4566386768218876,10.70603259184213,660,1.1,4,0.1,0.1,0.1,111078.8167,1151.887329,0,6,2,5,8,0.18201226914572152,0.4566386768218876,10.70603259184213,1
2P_OH_AL_ACSR_4/0_Penguin_4_0,IA,2,0.26969329663091707,0.31132118432259526,14.433819321272846,365,1.1,4,0.1,0.1,0.1,116470.8333,1207.802542,0,6,2,5,8,0.4473437620390967,2.080099692761985,3.466748329478572,1
2P_OH_AL_ACSR_336kcmil_Merlin_4_0,IA,2,0.17159573489753566,0.2964408024637018,15.211719892230533,520,1.1,4,0.1,0.1,0.1,145881.8333,1512.794612,0,6,2,5,8,0.3492462003057153,2.065219310903091,3.5097970174889888,1
3P_OH_AL_ACSR_4/0_Penguin_4_0,IA,3,0.27002279217092934,0.3190296158118556,14.263837133593777,365,1.1,4,0.1,0.1,0.1,148332.75,1538.210617,0,6,2,5,8,0.5931922851827358,1.0483471637728237,5.379736846098125,1
3P_OH_AL_ACSR_336kcmil_Merlin_4_0,IA,3,0.17184943655424342,0.30407785213180943,15.035298159766509,520,1.1,4,0.1,0.1,0.1,192449.25,1995.698722,0,6,2,5,8,0.40029798147742096,0.9755860606352492,5.563288231480182,1
3P_OH_AL_ACSR_477kcmil_Hawk_4_0,IA,3,0.1202084179042009,0.28347418090274684,16.033681604433358,660,1.1,4,0.1,0.1,0.1,227742.45,2361.689206,0,6,2,5,8,0.29421668855911404,0.9152323594529885,5.796341873247318,1
3P_OH_AL_ACSR_1033kcmil_Curlew_4_1,IA,3,0.05654774199320903,0.25516417592066815,18.009978000161603,1040,1.1,4,0.1,0.1,0.1,335092.6,3474.910261,0,6,2,5,8,0.1526490121877717,0.8389452789868151,6.244319894822395,1
1P_OH_AL_ACSR_#2_Sparrow_12_47_0,IA,1,1.0574662377315351,0.7118616838227143,8.59322888249633,185,1.1,12.47,0.1,0.1,0.1,68923.05,714.7320285,0,6,2,5,8,1.0574662377315351,0.7118616838227143,8.59322888249633,1
1P_OH_AL_ACSR_1/0_Raven_12_47_0,IA,1,0.6979424543919297,0.6179245900841013,8.997845311712691,240,1.1,12.47,0.1,0.1,0.1,74315.06667,770.6472413,0,6,2,5,8,0.6979424543919297,0.6179245900841013,8.997845311712691,1
1P_OH_AL_ACSR_4/0_Penguin_12_47_0,IA,1,0.38622414914976,0.5285249910184502,9.68830058722134,365,1.1,12.47,0.1,0.1,0.1,84608.91667,877.3944658,0,6,2,5,8,0.38622414914976,0.5285249910184502,9.68830058722134,1
1P_OH_AL_ACSR_336kcmil_Merlin_12_47_0,IA,1,0.25349244473108623,0.49202279728679793,10.13359322808658,520,1.1,12.47,0.1,0.1,0.1,99314.41667,1029.890501,0,6,2,5,8,0.25349244473108623,0.49202279728679793,10.13359322808658,1
1P_OH_AL_ACSR_477kcmil_Hawk_12_47_0,IA,1,0.18201226914572152,0.4566386768218876,10.70603259184213,660,1.1,12.47,0.1,0.1,0.1,111078.8167,1151.887329,0,6,2,5,8,0.18201226914572152,0.4566386768218876,10.70603259184213,1
2P_OH_AL_ACSR_4/0_Penguin_12_47_0,IA,2,0.26969329663091707,0.31132118432259526,14.433819321272846,365,1.1,12.47,0.1,0.1,0.1,116470.8333,1207.802542,0,6,2,5,8,0.4473437620390967,2.080099692761985,3.466748329478572,1
2P_OH_AL_ACSR_336kcmil_Merlin_12_47_0,IA,2,0.17159573489753566,0.2964408024637018,15.211719892230533,520,1.1,12.47,0.1,0.1,0.1,145881.8333,1512.794612,0,6,2,5,8,0.3492462003057153,2.065219310903091,3.5097970174889888,1
3P_OH_AL_ACSR_4/0_Penguin_12_47_0,IA,3,0.27002279217092934,0.3190296158118556,14.263837133593777,365,1.1,12.47,0.1,0.1,0.1,148332.75,1538.210617,0,6,2,5,8,0.5931922851827358,1.0483471637728237,5.379736846098125,1
3P_OH_AL_ACSR_336kcmil_Merlin_12_47_0,IA,3,0.17184943655424342,0.30407785213180943,15.035298159766509,520,1.1,12.47,0.1,0.1,0.1,192449.25,1995.698722,0,6,2,5,8,0.40029798147742096,0.9755860606352492,5.563288231480182,1
3P_OH_AL_ACSR_477kcmil_Hawk_12_47_0,IA,3,0.1202084179042009,0.28347418090274684,16.033681604433358,660,1.1,12.47,0.1,0.1,0.1,227742.45,2361.689206,0,6,2,5,8,0.29421668855911404,0.9152323594529885,5.796341873247318,1
3P_OH_AL_ACSR_1033kcmil_Curlew_12.47_1,IA,3,0.05654774199320903,0.25516417592066815,18.009978000161603,1040,1.1,12.47,0.1,0.1,0.1,335092.6,3474.910261,0,6,2,5,8,0.1526490121877717,0.8389452789868151,6.244319894822395,1
1P_OH_AL_ACSR_#2_Sparrow_13_2_0,IA,1,1.0574662377315351,0.7118616838227143,8.59322888249633,185,1.1,13.2,0.1,0.1,0.1,68923.05,714.7320285,0,6,2,5,8,1.0574662377315351,0.7118616838227143,8.59322888249633,1
1P_OH_AL_ACSR_1/0_Raven_13_2_0,IA,1,0.6979424543919297,0.6179245900841013,8.997845311712691,240,1.1,13.2,0.1,0.1,0.1,74315.06667,770.6472413,0,6,2,5,8,0.6979424543919297,0.6179245900841013,8.997845311712691,1
1P_OH_AL_ACSR_4/0_Penguin_13_2_0,IA,1,0.38622414914976,0.5285249910184502,9.68830058722134,365,1.1,13.2,0.1,0.1,0.1,84608.91667,877.3944658,0,6,2,5,8,0.38622414914976,0.5285249910184502,9.68830058722134,1
1P_OH_AL_ACSR_336kcmil_Merlin_13_2_0,IA,1,0.25349244473108623,0.49202279728679793,10.13359322808658,520,1.1,13.2,0.1,0.1,0.1,99314.41667,1029.890501,0,6,2,5,8,0.25349244473108623,0.49202279728679793,10.13359322808658,1
1P_OH_AL_ACSR_477kcmil_Hawk_13_2_0,IA,1,0.18201226914572152,0.4566386768218876,10.70603259184213,660,1.1,13.2,0.1,0.1,0.1,111078.8167,1151.887329,0,6,2,5,8,0.18201226914572152,0.4566386768218876,10.70603259184213,1
2P_OH_AL_ACSR_4/0_Penguin_13_2_0,IA,2,0.26969329663091707,0.31132118432259526,14.433819321272846,365,1.1,13.2,0.1,0.1,0.1,116470.8333,1207.802542,0,6,2,5,8,0.4473437620390967,2.080099692761985,3.466748329478572,1
2P_OH_AL_ACSR_336kcmil_Merlin_13_2_0,IA,2,0.17159573489753566,0.2964408024637018,15.211719892230533,520,1.1,13.2,0.1,0.1,0.1,145881.8333,1512.794612,0,6,2,5,8,0.3492462003057153,2.065219310903091,3.5097970174889888,1
3P_OH_AL_ACSR_4/0_Penguin_13_2_0,IA,3,0.27002279217092934,0.3190296158118556,14.263837133593777,365,1.1,13.2,0.1,0.1,0.1,148332.75,1538.210617,0,6,2,5,8,0.5931922851827358,1.0483471637728237,5.379736846098125,1
3P_OH_AL_ACSR_336kcmil_Merlin_13_2_0,IA,3,0.17184943655424342,0.30407785213180943,15.035298159766509,520,1.1,13.2,0.1,0.1,0.1,192449.25,1995.698722,0,6,2,5,8,0.40029798147742096,0.9755860606352492,5.563288231480182,1
3P_OH_AL_ACSR_477kcmil_Hawk_13_2_0,IA,3,0.1202084179042009,0.28347418090274684,16.033681604433358,660,1.1,13.2,0.1,0.1,0.1,227742.45,2361.689206,0,6,2,5,8,0.29421668855911404,0.9152323594529885,5.796341873247318,1
3P_OH_AL_ACSR_1033kcmil_Curlew_13.2_1,IA,3,0.05654774199320903,0.25516417592066815,18.009978000161603,1040,1.1,13.2,0.1,0.1,0.1,335092.6,3474.910261,0,6,2,5,8,0.1526490121877717,0.8389452789868151,6.244319894822395,1
1P_OH_AL_AAC_#2_Iris_25_0,IA,1,1.058920906787938,0.7234825664914067,8.466805560558265,185,1.1,25,0.1,0.1,0.1,69413.23333,719.8152297,0,6,2,5,8,1.058920906787938,0.7234825664914067,8.466805560558265,1
1P_OH_AL_AAC_1/0_Poppy_25_0,IA,1,0.7149099584184252,0.6340394581377737,8.868674557256519,245,1.1,25,0.1,0.1,0.1,74805.25,775.7304425,0,6,2,5,8,0.7149099584184252,0.6340394581377737,8.868674557256519,1
1P_OH_AL_AAC_4/0_Oxlip_25_0,IA,1,0.38163468509952647,0.5419289341549737,9.51897399334564,380,1.1,25,0.1,0.1,0.1,87059.83333,902.8104717,0,6,2,5,8,0.38163468509952647,0.5419289341549737,9.51897399334564,1
1P_OH_AL_AAC_336kcmil_Tulip_25_0,IA,1,0.2483907800424325,0.4964616866628972,10.064524683141066,515,1.1,25,0.1,0.1,0.1,98824.23333,1024.8073,0,6,2,5,8,0.2483907800424325,0.4964616866628972,10.064524683141066,1
1P_OH_AL_AAC_477kcmil_Cosmos_25_0,IA,1,0.17966872750547488,0.47255132193006694,10.49164720706859,640,1.1,25,0.1,0.1,0.1,110098.45,1141.720926,0,6,2,5,8,0.17966872750547488,0.47255132193006694,10.49164720706859,1
2P_OH_AL_AAC_4/0_Oxlip_25_0,IA,2,0.26769334634073605,0.32158519194841984,14.138938770325176,380,1.1,25,0.1,0.1,0.1,121372.6667,1258.634553,0,6,2,5,8,0.4453438117489156,2.09036370038781,3.4494918081794457,1
2P_OH_AL_AAC_336kcmil_Tulip_25_0,IA,2,0.1682958169187369,0.2998947209035822,15.09084255319509,515,1.1,25,0.1,0.1,0.1,144901.4667,1502.628209,0,6,2,5,8,0.34594628232691654,2.0686732293429717,3.503331786805192,1
3P_OH_AL_AAC_4/0_Oxlip_25_0,IA,3,0.2680147968645606,0.3293001803063222,13.971730904448203,380,1.1,25,0.1,0.1,0.1,155685.5,1614.458635,0,6,2,5,8,0.584233083857033,1.0672224528037844,5.3093915194897665,1
3P_OH_AL_AAC_336kcmil_Tulip_25_0,IA,3,0.1685445207960617,0.3075333327254547,14.915334013471231,515,1.1,25,0.1,0.1,0.1,190978.7,1980.449119,0,6,2,5,8,0.39212350940809554,0.9817679902440557,5.534951354281711,1
3P_OH_AL_AAC_477kcmil_Cosmos_25_0,IA,3,0.11930240121787786,0.2945391256804927,15.658927679339442,640,1.1,25,0.1,0.1,0.1,224801.35,2331.189999,0,6,2,5,8,0.2895211400538771,0.9395427994458788,5.7094302120066995,1
3P_OH_AL_AAC_795kcmil_Arbutus_25_0,IA,3,0.07135857464401911,0.27380454993910375,16.933633080284935,875,1.1,25,0.1,0.1,0.1,288035,2986.92295,0,6,2,5,8,0.18523886312932122,0.8840939428342701,6.002422853288792,1
3P_OH_AL_ACSR_1033kcmil_Curlew_25_1,IA,3,0.05654774199320903,0.25516417592066815,18.009978000161603,1040,1.1,25,0.1,0.1,0.1,335092.6,3474.910261,0,6,2,5,8,0.1526490121877717,0.8389452789868151,6.244319894822395,1
END
#Interurban Zone B:
#Name,Type,Nphases,Resistance(ohms/km),Ind. Reactance(ohms/km),Capacitance(nF/km),Current(A),Overload(pu) ,Voltage(kV), Failure rate minimum[failures / km year], Failure rate medium[failures / km year], Failure rate maximum[failures / km year],Investment Cost (dollars/km),Preventive maintenance cost (dollars/km),Corrective maintenance cost (dollars/km),Preventive maintenance time (hours),Repair time minimum (hours),Repair time medium (hours),Repair time maximum (hours),R0 (ohms/km),X0 (ohms/km),C0 (nF/km),Delta (0=any
1P_OH_AL_4_Periwinkle_0_120_0,IB,1,1.3647660780195607,0.32039476707722564,16.38647015012714,145,1.1,0.12,0.1,0.1,0.1,7044.866667,73.05526733,0,1,2,5,8,1.5424165434277404,2.2884418481339805,3.391348167811097,0
1P_OH_AL_1/0_Neritina_0_120_0,IB,1,0.5412865460375061,0.2854156881239978,19.485761555454932,260,1.1,0.12,0.1,0.1,0.1,8731.433333,90.54496367,0,1,2,5,8,0.7189370114456858,2.2534627691807527,3.4947752541812886,0
1P_OH_AL_2/0_Rucina_0_120_0,IB,1,0.42648939938111274,0.27668230711268743,20.475618409614153,300,1.1,0.12,0.1,0.1,0.1,9530.333333,98.82955667,0,1,2,5,8,0.6041398647892923,2.2447293881694423,3.521726542060853,0
1P_OH_AL_4/0_Zuzara_0_120_0,IB,1,0.2689933140293538,0.25919938329150216,22.83904359114291,405,1.1,0.12,0.1,0.1,0.1,11039.36667,114.4782323,0,1,2,5,8,0.44664377943753325,2.2272464643482577,3.5771518893801306,0
3P_UG_AL_4/0_15_0_480_0,IB,3,0.32912668566849046,0.25679020396600205,138.3968171963678,330,1.1,0.48,0.1,0.1,0.1,10936.75,113.4140975,0,1,20,30,40,0.7616702769483978,0.23406214188643096,138.3968171963678,0
3P_UG_AL_4/0_25_0_480_0,IB,3,0.32335479842709386,0.25913374163351066,121.32436139598691,330,1.1,0.48,0.1,0.1,0.1,11059.85,114.6906445,0,1,20,30,40,0.7572308612516513,0.2518306833342787,121.32436139598691,0
3P_UG_AL_350kcmil_15_0_480_0,IB,3,0.22121880314474754,0.23800425868314268,161.18516904454586,440,1.1,0.48,0.1,0.1,0.1,11983.1,124.264747,0,1,20,30,40,0.6305041787011884,0.2161354233566437,161.18516904454586,0
3P_UG_AL_350kcmil_25_0_480_0,IB,3,0.21520605111320204,0.24054148145710078,137.56323227628855,440,1.1,0.48,0.1,0.1,0.1,12229.3,126.817841,0,1,20,30,40,0.6260817388136003,0.23484139493476452,137.56323227628855,0
3P_UG_AL_750kcmil_15_0_480_0,IB,3,0.14787486098270125,0.17962574887947033,186.24870920868497,640,1.1,0.48,0.1,0.1,0.1,13891.15,144.0512255,0,1,20,30,40,0.3117848137958091,0.10732695441567046,186.24870920868497,0
3P_UG_AL_750kcmil_25_0_480_0,IB,3,0.14216627268399443,0.18375167280193797,164.82594436783344,640,1.1,0.48,0.1,0.1,0.1,14198.9,147.242593,0,1,20,30,40,0.310284049032827,0.12035336388599484,164.82594436783344,0
1P_OH_AL_ACSR_#2_Sparrow_4_0,IB,1,1.0574662377315351,0.7118616838227143,8.59322888249633,185,1.1,4,0.1,0.1,0.1,68923.05,714.7320285,0,6,2,5,8,1.0574662377315351,0.7118616838227143,8.59322888249633,1
1P_OH_AL_ACSR_1/0_Raven_4_0,IB,1,0.6979424543919297,0.6179245900841013,8.997845311712691,240,1.1,4,0.1,0.1,0.1,74315.06667,770.6472413,0,6,2,5,8,0.6979424543919297,0.6179245900841013,8.997845311712691,1
1P_OH_AL_ACSR_4/0_Penguin_4_0,IB,1,0.38622414914976,0.5285249910184502,9.68830058722134,365,1.1,4,0.1,0.1,0.1,84608.91667,877.3944658,0,6,2,5,8,0.38622414914976,0.5285249910184502,9.68830058722134,1
1P_OH_AL_ACSR_336kcmil_Merlin_4_0,IB,1,0.25349244473108623,0.49202279728679793,10.13359322808658,520,1.1,4,0.1,0.1,0.1,99314.41667,1029.890501,0,6,2,5,8,0.25349244473108623,0.49202279728679793,10.13359322808658,1
1P_OH_AL_ACSR_477kcmil_Hawk_4_0,IB,1,0.18201226914572152,0.4566386768218876,10.70603259184213,660,1.1,4,0.1,0.1,0.1,111078.8167,1151.887329,0,6,2,5,8,0.18201226914572152,0.4566386768218876,10.70603259184213,1
2P_OH_AL_ACSR_4/0_Penguin_4_0,IB,2,0.26969329663091707,0.31132118432259526,14.433819321272846,365,1.1,4,0.1,0.1,0.1,116470.8333,1207.802542,0,6,2,5,8,0.4473437620390967,2.080099692761985,3.466748329478572,1
2P_OH_AL_ACSR_336kcmil_Merlin_4_0,IB,2,0.17159573489753566,0.2964408024637018,15.211719892230533,520,1.1,4,0.1,0.1,0.1,145881.8333,1512.794612,0,6,2,5,8,0.3492462003057153,2.065219310903091,3.5097970174889888,1
3P_OH_AL_ACSR_4/0_Penguin_4_0,IB,3,0.27002279217092934,0.3190296158118556,14.263837133593777,365,1.1,4,0.1,0.1,0.1,148332.75,1538.210617,0,6,2,5,8,0.5931922851827358,1.0483471637728237,5.379736846098125,1
3P_OH_AL_ACSR_336kcmil_Merlin_4_0,IB,3,0.17184943655424342,0.30407785213180943,15.035298159766509,520,1.1,4,0.1,0.1,0.1,192449.25,1995.698722,0,6,2,5,8,0.40029798147742096,0.9755860606352492,5.563288231480182,1
3P_OH_AL_ACSR_477kcmil_Hawk_4_0,IB,3,0.1202084179042009,0.28347418090274684,16.033681604433358,660,1.1,4,0.1,0.1,0.1,227742.45,2361.689206,0,6,2,5,8,0.29421668855911404,0.9152323594529885,5.796341873247318,1
3P_OH_AL_ACSR_1033kcmil_Curlew_4_1,IB,3,0.05654774199320903,0.25516417592066815,18.009978000161603,1040,1.1,4,0.1,0.1,0.1,335092.6,3474.910261,0,6,2,5,8,0.1526490121877717,0.8389452789868151,6.244319894822395,1
1P_OH_AL_ACSR_#2_Sparrow_12_47_0,IB,1,1.0574662377315351,0.7118616838227143,8.59322888249633,185,1.1,12.47,0.1,0.1,0.1,68923.05,714.7320285,0,6,2,5,8,1.0574662377315351,0.7118616838227143,8.59322888249633,1
1P_OH_AL_ACSR_1/0_Raven_12_47_0,IB,1,0.6979424543919297,0.6179245900841013,8.997845311712691,240,1.1,12.47,0.1,0.1,0.1,74315.06667,770.6472413,0,6,2,5,8,0.6979424543919297,0.6179245900841013,8.997845311712691,1
1P_OH_AL_ACSR_4/0_Penguin_12_47_0,IB,1,0.38622414914976,0.5285249910184502,9.68830058722134,365,1.1,12.47,0.1,0.1,0.1,84608.91667,877.3944658,0,6,2,5,8,0.38622414914976,0.5285249910184502,9.68830058722134,1
1P_OH_AL_ACSR_336kcmil_Merlin_12_47_0,IB,1,0.25349244473108623,0.49202279728679793,10.13359322808658,520,1.1,12.47,0.1,0.1,0.1,99314.41667,1029.890501,0,6,2,5,8,0.25349244473108623,0.49202279728679793,10.13359322808658,1
1P_OH_AL_ACSR_477kcmil_Hawk_12_47_0,IB,1,0.18201226914572152,0.4566386768218876,10.70603259184213,660,1.1,12.47,0.1,0.1,0.1,111078.8167,1151.887329,0,6,2,5,8,0.18201226914572152,0.4566386768218876,10.70603259184213,1
2P_OH_AL_ACSR_4/0_Penguin_12_47_0,IB,2,0.26969329663091707,0.31132118432259526,14.433819321272846,365,1.1,12.47,0.1,0.1,0.1,116470.8333,1207.802542,0,6,2,5,8,0.4473437620390967,2.080099692761985,3.466748329478572,1
2P_OH_AL_ACSR_336kcmil_Merlin_12_47_0,IB,2,0.17159573489753566,0.2964408024637018,15.211719892230533,520,1.1,12.47,0.1,0.1,0.1,145881.8333,1512.794612,0,6,2,5,8,0.3492462003057153,2.065219310903091,3.5097970174889888,1
3P_OH_AL_ACSR_4/0_Penguin_12_47_0,IB,3,0.27002279217092934,0.3190296158118556,14.263837133593777,365,1.1,12.47,0.1,0.1,0.1,148332.75,1538.210617,0,6,2,5,8,0.5931922851827358,1.0483471637728237,5.379736846098125,1
3P_OH_AL_ACSR_336kcmil_Merlin_12_47_0,IB,3,0.17184943655424342,0.30407785213180943,15.035298159766509,520,1.1,12.47,0.1,0.1,0.1,192449.25,1995.698722,0,6,2,5,8,0.40029798147742096,0.9755860606352492,5.563288231480182,1
3P_OH_AL_ACSR_477kcmil_Hawk_12_47_0,IB,3,0.1202084179042009,0.28347418090274684,16.033681604433358,660,1.1,12.47,0.1,0.1,0.1,227742.45,2361.689206,0,6,2,5,8,0.29421668855911404,0.9152323594529885,5.796341873247318,1
3P_OH_AL_ACSR_1033kcmil_Curlew_12.47_1,IB,3,0.05654774199320903,0.25516417592066815,18.009978000161603,1040,1.1,12.47,0.1,0.1,0.1,335092.6,3474.910261,0,6,2,5,8,0.1526490121877717,0.8389452789868151,6.244319894822395,1
1P_OH_AL_ACSR_#2_Sparrow_13_2_0,IB,1,1.0574662377315351,0.7118616838227143,8.59322888249633,185,1.1,13.2,0.1,0.1,0.1,68923.05,714.7320285,0,6,2,5,8,1.0574662377315351,0.7118616838227143,8.59322888249633,1
1P_OH_AL_ACSR_1/0_Raven_13_2_0,IB,1,0.6979424543919297,0.6179245900841013,8.997845311712691,240,1.1,13.2,0.1,0.1,0.1,74315.06667,770.6472413,0,6,2,5,8,0.6979424543919297,0.6179245900841013,8.997845311712691,1
1P_OH_AL_ACSR_4/0_Penguin_13_2_0,IB,1,0.38622414914976,0.5285249910184502,9.68830058722134,365,1.1,13.2,0.1,0.1,0.1,84608.91667,877.3944658,0,6,2,5,8,0.38622414914976,0.5285249910184502,9.68830058722134,1
1P_OH_AL_ACSR_336kcmil_Merlin_13_2_0,IB,1,0.25349244473108623,0.49202279728679793,10.13359322808658,520,1.1,13.2,0.1,0.1,0.1,99314.41667,1029.890501,0,6,2,5,8,0.25349244473108623,0.49202279728679793,10.13359322808658,1
1P_OH_AL_ACSR_477kcmil_Hawk_13_2_0,IB,1,0.18201226914572152,0.4566386768218876,10.70603259184213,660,1.1,13.2,0.1,0.1,0.1,111078.8167,1151.887329,0,6,2,5,8,0.18201226914572152,0.4566386768218876,10.70603259184213,1
2P_OH_AL_ACSR_4/0_Penguin_13_2_0,IB,2,0.26969329663091707,0.31132118432259526,14.433819321272846,365,1.1,13.2,0.1,0.1,0.1,116470.8333,1207.802542,0,6,2,5,8,0.4473437620390967,2.080099692761985,3.466748329478572,1
2P_OH_AL_ACSR_336kcmil_Merlin_13_2_0,IB,2,0.17159573489753566,0.2964408024637018,15.211719892230533,520,1.1,13.2,0.1,0.1,0.1,145881.8333,1512.794612,0,6,2,5,8,0.3492462003057153,2.065219310903091,3.5097970174889888,1
3P_OH_AL_ACSR_4/0_Penguin_13_2_0,IB,3,0.27002279217092934,0.3190296158118556,14.263837133593777,365,1.1,13.2,0.1,0.1,0.1,148332.75,1538.210617,0,6,2,5,8,0.5931922851827358,1.0483471637728237,5.379736846098125,1
3P_OH_AL_ACSR_336kcmil_Merlin_13_2_0,IB,3,0.17184943655424342,0.30407785213180943,15.035298159766509,520,1.1,13.2,0.1,0.1,0.1,192449.25,1995.698722,0,6,2,5,8,0.40029798147742096,0.9755860606352492,5.563288231480182,1
3P_OH_AL_ACSR_477kcmil_Hawk_13_2_0,IB,3,0.1202084179042009,0.28347418090274684,16.033681604433358,660,1.1,13.2,0.1,0.1,0.1,227742.45,2361.689206,0,6,2,5,8,0.29421668855911404,0.9152323594529885,5.796341873247318,1
3P_OH_AL_ACSR_1033kcmil_Curlew_13.2_1,IB,3,0.05654774199320903,0.25516417592066815,18.009978000161603,1040,1.1,13.2,0.1,0.1,0.1,335092.6,3474.910261,0,6,2,5,8,0.1526490121877717,0.8389452789868151,6.244319894822395,1
1P_OH_AL_AAC_#2_Iris_25_0,IB,1,1.058920906787938,0.7234825664914067,8.466805560558265,185,1.1,25,0.1,0.1,0.1,69413.23333,719.8152297,0,6,2,5,8,1.058920906787938,0.7234825664914067,8.466805560558265,1
1P_OH_AL_AAC_1/0_Poppy_25_0,IB,1,0.7149099584184252,0.6340394581377737,8.868674557256519,245,1.1,25,0.1,0.1,0.1,74805.25,775.7304425,0,6,2,5,8,0.7149099584184252,0.6340394581377737,8.868674557256519,1
1P_OH_AL_AAC_4/0_Oxlip_25_0,IB,1,0.38163468509952647,0.5419289341549737,9.51897399334564,380,1.1,25,0.1,0.1,0.1,87059.83333,902.8104717,0,6,2,5,8,0.38163468509952647,0.5419289341549737,9.51897399334564,1
1P_OH_AL_AAC_336kcmil_Tulip_25_0,IB,1,0.2483907800424325,0.4964616866628972,10.064524683141066,515,1.1,25,0.1,0.1,0.1,98824.23333,1024.8073,0,6,2,5,8,0.2483907800424325,0.4964616866628972,10.064524683141066,1
1P_OH_AL_AAC_477kcmil_Cosmos_25_0,IB,1,0.17966872750547488,0.47255132193006694,10.49164720706859,640,1.1,25,0.1,0.1,0.1,110098.45,1141.720926,0,6,2,5,8,0.17966872750547488,0.47255132193006694,10.49164720706859,1
2P_OH_AL_AAC_4/0_Oxlip_25_0,IB,2,0.26769334634073605,0.32158519194841984,14.138938770325176,380,1.1,25,0.1,0.1,0.1,121372.6667,1258.634553,0,6,2,5,8,0.4453438117489156,2.09036370038781,3.4494918081794457,1
2P_OH_AL_AAC_336kcmil_Tulip_25_0,IB,2,0.1682958169187369,0.2998947209035822,15.09084255319509,515,1.1,25,0.1,0.1,0.1,144901.4667,1502.628209,0,6,2,5,8,0.34594628232691654,2.0686732293429717,3.503331786805192,1
3P_OH_AL_AAC_4/0_Oxlip_25_0,IB,3,0.2680147968645606,0.3293001803063222,13.971730904448203,380,1.1,25,0.1,0.1,0.1,155685.5,1614.458635,0,6,2,5,8,0.584233083857033,1.0672224528037844,5.3093915194897665,1
3P_OH_AL_AAC_336kcmil_Tulip_25_0,IB,3,0.1685445207960617,0.3075333327254547,14.915334013471231,515,1.1,25,0.1,0.1,0.1,190978.7,1980.449119,0,6,2,5,8,0.39212350940809554,0.9817679902440557,5.534951354281711,1
3P_OH_AL_AAC_477kcmil_Cosmos_25_0,IB,3,0.11930240121787786,0.2945391256804927,15.658927679339442,640,1.1,25,0.1,0.1,0.1,224801.35,2331.189999,0,6,2,5,8,0.2895211400538771,0.9395427994458788,5.7094302120066995,1
3P_OH_AL_AAC_795kcmil_Arbutus_25_0,IB,3,0.07135857464401911,0.27380454993910375,16.933633080284935,875,1.1,25,0.1,0.1,0.1,288035,2986.92295,0,6,2,5,8,0.18523886312932122,0.8840939428342701,6.002422853288792,1
3P_OH_AL_ACSR_1033kcmil_Curlew_25_1,IB,3,0.05654774199320903,0.25516417592066815,18.009978000161603,1040,1.1,25,0.1,0.1,0.1,335092.6,3474.910261,0,6,2,5,8,0.1526490121877717,0.8389452789868151,6.244319894822395,1
END
#Interurban Zone C:
#Name,Type,Nphases,Resistance(ohms/km),Ind. Reactance(ohms/km),Capacitance(nF/km),Current(A),Overload(pu) ,Voltage(kV), Failure rate minimum[failures / km year], Failure rate medium[failures / km year], Failure rate maximum[failures / km year],Investment Cost (dollars/km),Preventive maintenance cost (dollars/km),Corrective maintenance cost (dollars/km),Preventive maintenance time (hours),Repair time minimum (hours),Repair time medium (hours),Repair time maximum (hours),R0 (ohms/km),X0 (ohms/km),C0 (nF/km),Delta (0=any
1P_OH_AL_4_Periwinkle_0_120_0,IC,1,1.3647660780195607,0.32039476707722564,16.38647015012714,145,1.1,0.12,0.1,0.1,0.1,7044.866667,73.05526733,0,1,2,5,8,1.5424165434277404,2.2884418481339805,3.391348167811097,0
1P_OH_AL_1/0_Neritina_0_120_0,IC,1,0.5412865460375061,0.2854156881239978,19.485761555454932,260,1.1,0.12,0.1,0.1,0.1,8731.433333,90.54496367,0,1,2,5,8,0.7189370114456858,2.2534627691807527,3.4947752541812886,0
1P_OH_AL_2/0_Rucina_0_120_0,IC,1,0.42648939938111274,0.27668230711268743,20.475618409614153,300,1.1,0.12,0.1,0.1,0.1,9530.333333,98.82955667,0,1,2,5,8,0.6041398647892923,2.2447293881694423,3.521726542060853,0
1P_OH_AL_4/0_Zuzara_0_120_0,IC,1,0.2689933140293538,0.25919938329150216,22.83904359114291,405,1.1,0.12,0.1,0.1,0.1,11039.36667,114.4782323,0,1,2,5,8,0.44664377943753325,2.2272464643482577,3.5771518893801306,0
3P_UG_AL_4/0_15_0_480_0,IC,3,0.32912668566849046,0.25679020396600205,138.3968171963678,330,1.1,0.48,0.1,0.1,0.1,10936.75,113.4140975,0,1,20,30,40,0.7616702769483978,0.23406214188643096,138.3968171963678,0
3P_UG_AL_4/0_25_0_480_0,IC,3,0.32335479842709386,0.25913374163351066,121.32436139598691,330,1.1,0.48,0.1,0.1,0.1,11059.85,114.6906445,0,1,20,30,40,0.7572308612516513,0.2518306833342787,121.32436139598691,0
3P_UG_AL_350kcmil_15_0_480_0,IC,3,0.22121880314474754,0.23800425868314268,161.18516904454586,440,1.1,0.48,0.1,0.1,0.1,11983.1,124.264747,0,1,20,30,40,0.6305041787011884,0.2161354233566437,161.18516904454586,0
3P_UG_AL_350kcmil_25_0_480_0,IC,3,0.21520605111320204,0.24054148145710078,137.56323227628855,440,1.1,0.48,0.1,0.1,0.1,12229.3,126.817841,0,1,20,30,40,0.6260817388136003,0.23484139493476452,137.56323227628855,0
3P_UG_AL_750kcmil_15_0_480_0,IC,3,0.14787486098270125,0.17962574887947033,186.24870920868497,640,1.1,0.48,0.1,0.1,0.1,13891.15,144.0512255,0,1,20,30,40,0.3117848137958091,0.10732695441567046,186.24870920868497,0
3P_UG_AL_750kcmil_25_0_480_0,IC,3,0.14216627268399443,0.18375167280193797,164.82594436783344,640,1.1,0.48,0.1,0.1,0.1,14198.9,147.242593,0,1,20,30,40,0.310284049032827,0.12035336388599484,164.82594436783344,0
1P_OH_AL_ACSR_#2_Sparrow_4_0,IC,1,1.0574662377315351,0.7118616838227143,8.59322888249633,185,1.1,4,0.1,0.1,0.1,68923.05,714.7320285,0,6,2,5,8,1.0574662377315351,0.7118616838227143,8.59322888249633,1
1P_OH_AL_ACSR_1/0_Raven_4_0,IC,1,0.6979424543919297,0.6179245900841013,8.997845311712691,240,1.1,4,0.1,0.1,0.1,74315.06667,770.6472413,0,6,2,5,8,0.6979424543919297,0.6179245900841013,8.997845311712691,1
1P_OH_AL_ACSR_4/0_Penguin_4_0,IC,1,0.38622414914976,0.5285249910184502,9.68830058722134,365,1.1,4,0.1,0.1,0.1,84608.91667,877.3944658,0,6,2,5,8,0.38622414914976,0.5285249910184502,9.68830058722134,1
1P_OH_AL_ACSR_336kcmil_Merlin_4_0,IC,1,0.25349244473108623,0.49202279728679793,10.13359322808658,520,1.1,4,0.1,0.1,0.1,99314.41667,1029.890501,0,6,2,5,8,0.25349244473108623,0.49202279728679793,10.13359322808658,1
1P_OH_AL_ACSR_477kcmil_Hawk_4_0,IC,1,0.18201226914572152,0.4566386768218876,10.70603259184213,660,1.1,4,0.1,0.1,0.1,111078.8167,1151.887329,0,6,2,5,8,0.18201226914572152,0.4566386768218876,10.70603259184213,1
2P_OH_AL_ACSR_4/0_Penguin_4_0,IC,2,0.26969329663091707,0.31132118432259526,14.433819321272846,365,1.1,4,0.1,0.1,0.1,116470.8333,1207.802542,0,6,2,5,8,0.4473437620390967,2.080099692761985,3.466748329478572,1
2P_OH_AL_ACSR_336kcmil_Merlin_4_0,IC,2,0.17159573489753566,0.2964408024637018,15.211719892230533,520,1.1,4,0.1,0.1,0.1,145881.8333,1512.794612,0,6,2,5,8,0.3492462003057153,2.065219310903091,3.5097970174889888,1
3P_OH_AL_ACSR_4/0_Penguin_4_0,IC,3,0.27002279217092934,0.3190296158118556,14.263837133593777,365,1.1,4,0.1,0.1,0.1,148332.75,1538.210617,0,6,2,5,8,0.5931922851827358,1.0483471637728237,5.379736846098125,1
3P_OH_AL_ACSR_336kcmil_Merlin_4_0,IC,3,0.17184943655424342,0.30407785213180943,15.035298159766509,520,1.1,4,0.1,0.1,0.1,192449.25,1995.698722,0,6,2,5,8,0.40029798147742096,0.9755860606352492,5.563288231480182,1
3P_OH_AL_ACSR_477kcmil_Hawk_4_0,IC,3,0.1202084179042009,0.28347418090274684,16.033681604433358,660,1.1,4,0.1,0.1,0.1,227742.45,2361.689206,0,6,2,5,8,0.29421668855911404,0.9152323594529885,5.796341873247318,1
3P_OH_AL_ACSR_1033kcmil_Curlew_4_1,IC,3,0.05654774199320903,0.25516417592066815,18.009978000161603,1040,1.1,4,0.1,0.1,0.1,335092.6,3474.910261,0,6,2,5,8,0.1526490121877717,0.8389452789868151,6.244319894822395,1
1P_OH_AL_ACSR_#2_Sparrow_12_47_0,IC,1,1.0574662377315351,0.7118616838227143,8.59322888249633,185,1.1,12.47,0.1,0.1,0.1,68923.05,714.7320285,0,6,2,5,8,1.0574662377315351,0.7118616838227143,8.59322888249633,1
1P_OH_AL_ACSR_1/0_Raven_12_47_0,IC,1,0.6979424543919297,0.6179245900841013,8.997845311712691,240,1.1,12.47,0.1,0.1,0.1,74315.06667,770.6472413,0,6,2,5,8,0.6979424543919297,0.6179245900841013,8.997845311712691,1
1P_OH_AL_ACSR_4/0_Penguin_12_47_0,IC,1,0.38622414914976,0.5285249910184502,9.68830058722134,365,1.1,12.47,0.1,0.1,0.1,84608.91667,877.3944658,0,6,2,5,8,0.38622414914976,0.5285249910184502,9.68830058722134,1
1P_OH_AL_ACSR_336kcmil_Merlin_12_47_0,IC,1,0.25349244473108623,0.49202279728679793,10.13359322808658,520,1.1,12.47,0.1,0.1,0.1,99314.41667,1029.890501,0,6,2,5,8,0.25349244473108623,0.49202279728679793,10.13359322808658,1
1P_OH_AL_ACSR_477kcmil_Hawk_12_47_0,IC,1,0.18201226914572152,0.4566386768218876,10.70603259184213,660,1.1,12.47,0.1,0.1,0.1,111078.8167,1151.887329,0,6,2,5,8,0.18201226914572152,0.4566386768218876,10.70603259184213,1
2P_OH_AL_ACSR_4/0_Penguin_12_47_0,IC,2,0.26969329663091707,0.31132118432259526,14.433819321272846,365,1.1,12.47,0.1,0.1,0.1,116470.8333,1207.802542,0,6,2,5,8,0.4473437620390967,2.080099692761985,3.466748329478572,1
2P_OH_AL_ACSR_336kcmil_Merlin_12_47_0,IC,2,0.17159573489753566,0.2964408024637018,15.211719892230533,520,1.1,12.47,0.1,0.1,0.1,145881.8333,1512.794612,0,6,2,5,8,0.3492462003057153,2.065219310903091,3.5097970174889888,1
3P_OH_AL_ACSR_4/0_Penguin_12_47_0,IC,3,0.27002279217092934,0.3190296158118556,14.263837133593777,365,1.1,12.47,0.1,0.1,0.1,148332.75,1538.210617,0,6,2,5,8,0.5931922851827358,1.0483471637728237,5.379736846098125,1
3P_OH_AL_ACSR_336kcmil_Merlin_12_47_0,IC,3,0.17184943655424342,0.30407785213180943,15.035298159766509,520,1.1,12.47,0.1,0.1,0.1,192449.25,1995.698722,0,6,2,5,8,0.40029798147742096,0.9755860606352492,5.563288231480182,1
3P_OH_AL_ACSR_477kcmil_Hawk_12_47_0,IC,3,0.1202084179042009,0.28347418090274684,16.033681604433358,660,1.1,12.47,0.1,0.1,0.1,227742.45,2361.689206,0,6,2,5,8,0.29421668855911404,0.9152323594529885,5.796341873247318,1
3P_OH_AL_ACSR_1033kcmil_Curlew_12.47_1,IC,3,0.05654774199320903,0.25516417592066815,18.009978000161603,1040,1.1,12.47,0.1,0.1,0.1,335092.6,3474.910261,0,6,2,5,8,0.1526490121877717,0.8389452789868151,6.244319894822395,1
1P_OH_AL_ACSR_#2_Sparrow_13_2_0,IC,1,1.0574662377315351,0.7118616838227143,8.59322888249633,185,1.1,13.2,0.1,0.1,0.1,68923.05,714.7320285,0,6,2,5,8,1.0574662377315351,0.7118616838227143,8.59322888249633,1
1P_OH_AL_ACSR_1/0_Raven_13_2_0,IC,1,0.6979424543919297,0.6179245900841013,8.997845311712691,240,1.1,13.2,0.1,0.1,0.1,74315.06667,770.6472413,0,6,2,5,8,0.6979424543919297,0.6179245900841013,8.997845311712691,1
1P_OH_AL_ACSR_4/0_Penguin_13_2_0,IC,1,0.38622414914976,0.5285249910184502,9.68830058722134,365,1.1,13.2,0.1,0.1,0.1,84608.91667,877.3944658,0,6,2,5,8,0.38622414914976,0.5285249910184502,9.68830058722134,1
1P_OH_AL_ACSR_336kcmil_Merlin_13_2_0,IC,1,0.25349244473108623,0.49202279728679793,10.13359322808658,520,1.1,13.2,0.1,0.1,0.1,99314.41667,1029.890501,0,6,2,5,8,0.25349244473108623,0.49202279728679793,10.13359322808658,1
1P_OH_AL_ACSR_477kcmil_Hawk_13_2_0,IC,1,0.18201226914572152,0.4566386768218876,10.70603259184213,660,1.1,13.2,0.1,0.1,0.1,111078.8167,1151.887329,0,6,2,5,8,0.18201226914572152,0.4566386768218876,10.70603259184213,1
2P_OH_AL_ACSR_4/0_Penguin_13_2_0,IC,2,0.26969329663091707,0.31132118432259526,14.433819321272846,365,1.1,13.2,0.1,0.1,0.1,116470.8333,1207.802542,0,6,2,5,8,0.4473437620390967,2.080099692761985,3.466748329478572,1
2P_OH_AL_ACSR_336kcmil_Merlin_13_2_0,IC,2,0.17159573489753566,0.2964408024637018,15.211719892230533,520,1.1,13.2,0.1,0.1,0.1,145881.8333,1512.794612,0,6,2,5,8,0.3492462003057153,2.065219310903091,3.5097970174889888,1
3P_OH_AL_ACSR_4/0_Penguin_13_2_0,IC,3,0.27002279217092934,0.3190296158118556,14.263837133593777,365,1.1,13.2,0.1,0.1,0.1,148332.75,1538.210617,0,6,2,5,8,0.5931922851827358,1.0483471637728237,5.379736846098125,1
3P_OH_AL_ACSR_336kcmil_Merlin_13_2_0,IC,3,0.17184943655424342,0.30407785213180943,15.035298159766509,520,1.1,13.2,0.1,0.1,0.1,192449.25,1995.698722,0,6,2,5,8,0.40029798147742096,0.9755860606352492,5.563288231480182,1
3P_OH_AL_ACSR_477kcmil_Hawk_13_2_0,IC,3,0.1202084179042009,0.28347418090274684,16.033681604433358,660,1.1,13.2,0.1,0.1,0.1,227742.45,2361.689206,0,6,2,5,8,0.29421668855911404,0.9152323594529885,5.796341873247318,1
3P_OH_AL_ACSR_1033kcmil_Curlew_13.2_1,IC,3,0.05654774199320903,0.25516417592066815,18.009978000161603,1040,1.1,13.2,0.1,0.1,0.1,335092.6,3474.910261,0,6,2,5,8,0.1526490121877717,0.8389452789868151,6.244319894822395,1
1P_OH_AL_AAC_#2_Iris_25_0,IC,1,1.058920906787938,0.7234825664914067,8.466805560558265,185,1.1,25,0.1,0.1,0.1,69413.23333,719.8152297,0,6,2,5,8,1.058920906787938,0.7234825664914067,8.466805560558265,1
1P_OH_AL_AAC_1/0_Poppy_25_0,IC,1,0.7149099584184252,0.6340394581377737,8.868674557256519,245,1.1,25,0.1,0.1,0.1,74805.25,775.7304425,0,6,2,5,8,0.7149099584184252,0.6340394581377737,8.868674557256519,1
1P_OH_AL_AAC_4/0_Oxlip_25_0,IC,1,0.38163468509952647,0.5419289341549737,9.51897399334564,380,1.1,25,0.1,0.1,0.1,87059.83333,902.8104717,0,6,2,5,8,0.38163468509952647,0.5419289341549737,9.51897399334564,1
1P_OH_AL_AAC_336kcmil_Tulip_25_0,IC,1,0.2483907800424325,0.4964616866628972,10.064524683141066,515,1.1,25,0.1,0.1,0.1,98824.23333,1024.8073,0,6,2,5,8,0.2483907800424325,0.4964616866628972,10.064524683141066,1
1P_OH_AL_AAC_477kcmil_Cosmos_25_0,IC,1,0.17966872750547488,0.47255132193006694,10.49164720706859,640,1.1,25,0.1,0.1,0.1,110098.45,1141.720926,0,6,2,5,8,0.17966872750547488,0.47255132193006694,10.49164720706859,1
2P_OH_AL_AAC_4/0_Oxlip_25_0,IC,2,0.26769334634073605,0.32158519194841984,14.138938770325176,380,1.1,25,0.1,0.1,0.1,121372.6667,1258.634553,0,6,2,5,8,0.4453438117489156,2.09036370038781,3.4494918081794457,1
2P_OH_AL_AAC_336kcmil_Tulip_25_0,IC,2,0.1682958169187369,0.2998947209035822,15.09084255319509,515,1.1,25,0.1,0.1,0.1,144901.4667,1502.628209,0,6,2,5,8,0.34594628232691654,2.0686732293429717,3.503331786805192,1
3P_OH_AL_AAC_4/0_Oxlip_25_0,IC,3,0.2680147968645606,0.3293001803063222,13.971730904448203,380,1.1,25,0.1,0.1,0.1,155685.5,1614.458635,0,6,2,5,8,0.584233083857033,1.0672224528037844,5.3093915194897665,1
3P_OH_AL_AAC_336kcmil_Tulip_25_0,IC,3,0.1685445207960617,0.3075333327254547,14.915334013471231,515,1.1,25,0.1,0.1,0.1,190978.7,1980.449119,0,6,2,5,8,0.39212350940809554,0.9817679902440557,5.534951354281711,1
3P_OH_AL_AAC_477kcmil_Cosmos_25_0,IC,3,0.11930240121787786,0.2945391256804927,15.658927679339442,640,1.1,25,0.1,0.1,0.1,224801.35,2331.189999,0,6,2,5,8,0.2895211400538771,0.9395427994458788,5.7094302120066995,1
3P_OH_AL_AAC_795kcmil_Arbutus_25_0,IC,3,0.07135857464401911,0.27380454993910375,16.933633080284935,875,1.1,25,0.1,0.1,0.1,288035,2986.92295,0,6,2,5,8,0.18523886312932122,0.8840939428342701,6.002422853288792,1
3P_OH_AL_ACSR_1033kcmil_Curlew_25_1,IC,3,0.05654774199320903,0.25516417592066815,18.009978000161603,1040,1.1,25,0.1,0.1,0.1,335092.6,3474.910261,0,6,2,5,8,0.1526490121877717,0.8389452789868151,6.244319894822395,1
END
#Urban-Overhead
#Name,Type,Nphases,Resistance(ohms/km),Ind. Reactance(ohms/km),Capacitance(nF/km),Current(A),Overload(pu) ,Voltage(kV), Failure rate minimum[failures / km year], Failure rate medium[failures / km year], Failure rate maximum[failures / km year],Investment Cost (dollars/km),Preventive maintenance cost (dollars/km),Corrective maintenance cost (dollars/km),Preventive maintenance time (hours),Repair time minimum (hours),Repair time medium (hours),Repair time maximum (hours),R0 (ohms/km),X0 (ohms/km),C0 (nF/km),Delta (0=any
1P_OH_AL_4_Periwinkle_0_120_0,UA,1,1.3647660780195607,0.32039476707722564,16.38647015012714,145,1.1,0.12,0.1,0.1,0.1,7044.866667,73.05526733,0,1,2,5,8,1.5424165434277404,2.2884418481339805,3.391348167811097,0
1P_OH_AL_1/0_Neritina_0_120_0,UA,1,0.5412865460375061,0.2854156881239978,19.485761555454932,260,1.1,0.12,0.1,0.1,0.1,8731.433333,90.54496367,0,1,2,5,8,0.7189370114456858,2.2534627691807527,3.4947752541812886,0
1P_OH_AL_2/0_Rucina_0_120_0,UA,1,0.42648939938111274,0.27668230711268743,20.475618409614153,300,1.1,0.12,0.1,0.1,0.1,9530.333333,98.82955667,0,1,2,5,8,0.6041398647892923,2.2447293881694423,3.521726542060853,0
1P_OH_AL_4/0_Zuzara_0_120_0,UA,1,0.2689933140293538,0.25919938329150216,22.83904359114291,405,1.1,0.12,0.1,0.1,0.1,11039.36667,114.4782323,0,1,2,5,8,0.44664377943753325,2.2272464643482577,3.5771518893801306,0
3P_UG_AL_4/0_15_0_480_0,UA,3,0.32912668566849046,0.25679020396600205,138.3968171963678,330,1.1,0.48,0.1,0.1,0.1,10936.75,113.4140975,0,1,20,30,40,0.7616702769483978,0.23406214188643096,138.3968171963678,0
3P_UG_AL_4/0_25_0_480_0,UA,3,0.32335479842709386,0.25913374163351066,121.32436139598691,330,1.1,0.48,0.1,0.1,0.1,11059.85,114.6906445,0,1,20,30,40,0.7572308612516513,0.2518306833342787,121.32436139598691,0
3P_UG_AL_350kcmil_15_0_480_0,UA,3,0.22121880314474754,0.23800425868314268,161.18516904454586,440,1.1,0.48,0.1,0.1,0.1,11983.1,124.264747,0,1,20,30,40,0.6305041787011884,0.2161354233566437,161.18516904454586,0
3P_UG_AL_350kcmil_25_0_480_0,UA,3,0.21520605111320204,0.24054148145710078,137.56323227628855,440,1.1,0.48,0.1,0.1,0.1,12229.3,126.817841,0,1,20,30,40,0.6260817388136003,0.23484139493476452,137.56323227628855,0
3P_UG_AL_750kcmil_15_0_480_0,UA,3,0.14787486098270125,0.17962574887947033,186.24870920868497,640,1.1,0.48,0.1,0.1,0.1,13891.15,144.0512255,0,1,20,30,40,0.3117848137958091,0.10732695441567046,186.24870920868497,0
3P_UG_AL_750kcmil_25_0_480_0,UA,3,0.14216627268399443,0.18375167280193797,164.82594436783344,640,1.1,0.48,0.1,0.1,0.1,14198.9,147.242593,0,1,20,30,40,0.310284049032827,0.12035336388599484,164.82594436783344,0
1P_OH_AL_ACSR_#2_Sparrow_4_0,UA,1,1.0574662377315351,0.7118616838227143,8.59322888249633,185,1.1,4,0.1,0.1,0.1,68923.05,714.7320285,0,6,2,5,8,1.0574662377315351,0.7118616838227143,8.59322888249633,1
1P_OH_AL_ACSR_1/0_Raven_4_0,UA,1,0.6979424543919297,0.6179245900841013,8.997845311712691,240,1.1,4,0.1,0.1,0.1,74315.06667,770.6472413,0,6,2,5,8,0.6979424543919297,0.6179245900841013,8.997845311712691,1
1P_OH_AL_ACSR_4/0_Penguin_4_0,UA,1,0.38622414914976,0.5285249910184502,9.68830058722134,365,1.1,4,0.1,0.1,0.1,84608.91667,877.3944658,0,6,2,5,8,0.38622414914976,0.5285249910184502,9.68830058722134,1
1P_OH_AL_ACSR_336kcmil_Merlin_4_0,UA,1,0.25349244473108623,0.49202279728679793,10.13359322808658,520,1.1,4,0.1,0.1,0.1,99314.41667,1029.890501,0,6,2,5,8,0.25349244473108623,0.49202279728679793,10.13359322808658,1
1P_OH_AL_ACSR_477kcmil_Hawk_4_0,UA,1,0.18201226914572152,0.4566386768218876,10.70603259184213,660,1.1,4,0.1,0.1,0.1,111078.8167,1151.887329,0,6,2,5,8,0.18201226914572152,0.4566386768218876,10.70603259184213,1
2P_OH_AL_ACSR_4/0_Penguin_4_0,UA,2,0.26969329663091707,0.31132118432259526,14.433819321272846,365,1.1,4,0.1,0.1,0.1,116470.8333,1207.802542,0,6,2,5,8,0.4473437620390967,2.080099692761985,3.466748329478572,1
2P_OH_AL_ACSR_336kcmil_Merlin_4_0,UA,2,0.17159573489753566,0.2964408024637018,15.211719892230533,520,1.1,4,0.1,0.1,0.1,145881.8333,1512.794612,0,6,2,5,8,0.3492462003057153,2.065219310903091,3.5097970174889888,1
3P_OH_AL_ACSR_4/0_Penguin_4_0,UA,3,0.27002279217092934,0.3190296158118556,14.263837133593777,365,1.1,4,0.1,0.1,0.1,148332.75,1538.210617,0,6,2,5,8,0.5931922851827358,1.0483471637728237,5.379736846098125,1
3P_OH_AL_ACSR_336kcmil_Merlin_4_0,UA,3,0.17184943655424342,0.30407785213180943,15.035298159766509,520,1.1,4,0.1,0.1,0.1,192449.25,1995.698722,0,6,2,5,8,0.40029798147742096,0.9755860606352492,5.563288231480182,1
3P_OH_AL_ACSR_477kcmil_Hawk_4_0,UA,3,0.1202084179042009,0.28347418090274684,16.033681604433358,660,1.1,4,0.1,0.1,0.1,227742.45,2361.689206,0,6,2,5,8,0.29421668855911404,0.9152323594529885,5.796341873247318,1
3P_OH_AL_ACSR_1033kcmil_Curlew_4_1,UA,3,0.05654774199320903,0.25516417592066815,18.009978000161603,1040,1.1,4,0.1,0.1,0.1,335092.6,3474.910261,0,6,2,5,8,0.1526490121877717,0.8389452789868151,6.244319894822395,1
1P_OH_AL_ACSR_#2_Sparrow_12_47_0,UA,1,1.0574662377315351,0.7118616838227143,8.59322888249633,185,1.1,12.47,0.1,0.1,0.1,68923.05,714.7320285,0,6,2,5,8,1.0574662377315351,0.7118616838227143,8.59322888249633,1
1P_OH_AL_ACSR_1/0_Raven_12_47_0,UA,1,0.6979424543919297,0.6179245900841013,8.997845311712691,240,1.1,12.47,0.1,0.1,0.1,74315.06667,770.6472413,0,6,2,5,8,0.6979424543919297,0.6179245900841013,8.997845311712691,1
1P_OH_AL_ACSR_4/0_Penguin_12_47_0,UA,1,0.38622414914976,0.5285249910184502,9.68830058722134,365,1.1,12.47,0.1,0.1,0.1,84608.91667,877.3944658,0,6,2,5,8,0.38622414914976,0.5285249910184502,9.68830058722134,1
1P_OH_AL_ACSR_336kcmil_Merlin_12_47_0,UA,1,0.25349244473108623,0.49202279728679793,10.13359322808658,520,1.1,12.47,0.1,0.1,0.1,99314.41667,1029.890501,0,6,2,5,8,0.25349244473108623,0.49202279728679793,10.13359322808658,1
1P_OH_AL_ACSR_477kcmil_Hawk_12_47_0,UA,1,0.18201226914572152,0.4566386768218876,10.70603259184213,660,1.1,12.47,0.1,0.1,0.1,111078.8167,1151.887329,0,6,2,5,8,0.18201226914572152,0.4566386768218876,10.70603259184213,1
2P_OH_AL_ACSR_4/0_Penguin_12_47_0,UA,2,0.26969329663091707,0.31132118432259526,14.433819321272846,365,1.1,12.47,0.1,0.1,0.1,116470.8333,1207.802542,0,6,2,5,8,0.4473437620390967,2.080099692761985,3.466748329478572,1
2P_OH_AL_ACSR_336kcmil_Merlin_12_47_0,UA,2,0.17159573489753566,0.2964408024637018,15.211719892230533,520,1.1,12.47,0.1,0.1,0.1,145881.8333,1512.794612,0,6,2,5,8,0.3492462003057153,2.065219310903091,3.5097970174889888,1
3P_OH_AL_ACSR_4/0_Penguin_12_47_0,UA,3,0.27002279217092934,0.3190296158118556,14.263837133593777,365,1.1,12.47,0.1,0.1,0.1,148332.75,1538.210617,0,6,2,5,8,0.5931922851827358,1.0483471637728237,5.379736846098125,1
3P_OH_AL_ACSR_336kcmil_Merlin_12_47_0,UA,3,0.17184943655424342,0.30407785213180943,15.035298159766509,520,1.1,12.47,0.1,0.1,0.1,192449.25,1995.698722,0,6,2,5,8,0.40029798147742096,0.9755860606352492,5.563288231480182,1
3P_OH_AL_ACSR_477kcmil_Hawk_12_47_0,UA,3,0.1202084179042009,0.28347418090274684,16.033681604433358,660,1.1,12.47,0.1,0.1,0.1,227742.45,2361.689206,0,6,2,5,8,0.29421668855911404,0.9152323594529885,5.796341873247318,1
3P_OH_AL_ACSR_1033kcmil_Curlew_12.47_1,UA,3,0.05654774199320903,0.25516417592066815,18.009978000161603,1040,1.1,12.47,0.1,0.1,0.1,335092.6,3474.910261,0,6,2,5,8,0.1526490121877717,0.8389452789868151,6.244319894822395,1
1P_OH_AL_ACSR_#2_Sparrow_13_2_0,UA,1,1.0574662377315351,0.7118616838227143,8.59322888249633,185,1.1,13.2,0.1,0.1,0.1,68923.05,714.7320285,0,6,2,5,8,1.0574662377315351,0.7118616838227143,8.59322888249633,1
1P_OH_AL_ACSR_1/0_Raven_13_2_0,UA,1,0.6979424543919297,0.6179245900841013,8.997845311712691,240,1.1,13.2,0.1,0.1,0.1,74315.06667,770.6472413,0,6,2,5,8,0.6979424543919297,0.6179245900841013,8.997845311712691,1
1P_OH_AL_ACSR_4/0_Penguin_13_2_0,UA,1,0.38622414914976,0.5285249910184502,9.68830058722134,365,1.1,13.2,0.1,0.1,0.1,84608.91667,877.3944658,0,6,2,5,8,0.38622414914976,0.5285249910184502,9.68830058722134,1
1P_OH_AL_ACSR_336kcmil_Merlin_13_2_0,UA,1,0.25349244473108623,0.49202279728679793,10.13359322808658,520,1.1,13.2,0.1,0.1,0.1,99314.41667,1029.890501,0,6,2,5,8,0.25349244473108623,0.49202279728679793,10.13359322808658,1
1P_OH_AL_ACSR_477kcmil_Hawk_13_2_0,UA,1,0.18201226914572152,0.4566386768218876,10.70603259184213,660,1.1,13.2,0.1,0.1,0.1,111078.8167,1151.887329,0,6,2,5,8,0.18201226914572152,0.4566386768218876,10.70603259184213,1
2P_OH_AL_ACSR_4/0_Penguin_13_2_0,UA,2,0.26969329663091707,0.31132118432259526,14.433819321272846,365,1.1,13.2,0.1,0.1,0.1,116470.8333,1207.802542,0,6,2,5,8,0.4473437620390967,2.080099692761985,3.466748329478572,1
2P_OH_AL_ACSR_336kcmil_Merlin_13_2_0,UA,2,0.17159573489753566,0.2964408024637018,15.211719892230533,520,1.1,13.2,0.1,0.1,0.1,145881.8333,1512.794612,0,6,2,5,8,0.3492462003057153,2.065219310903091,3.5097970174889888,1
3P_OH_AL_ACSR_4/0_Penguin_13_2_0,UA,3,0.27002279217092934,0.3190296158118556,14.263837133593777,365,1.1,13.2,0.1,0.1,0.1,148332.75,1538.210617,0,6,2,5,8,0.5931922851827358,1.0483471637728237,5.379736846098125,1
3P_OH_AL_ACSR_336kcmil_Merlin_13_2_0,UA,3,0.17184943655424342,0.30407785213180943,15.035298159766509,520,1.1,13.2,0.1,0.1,0.1,192449.25,1995.698722,0,6,2,5,8,0.40029798147742096,0.9755860606352492,5.563288231480182,1
3P_OH_AL_ACSR_477kcmil_Hawk_13_2_0,UA,3,0.1202084179042009,0.28347418090274684,16.033681604433358,660,1.1,13.2,0.1,0.1,0.1,227742.45,2361.689206,0,6,2,5,8,0.29421668855911404,0.9152323594529885,5.796341873247318,1
3P_OH_AL_ACSR_1033kcmil_Curlew_13.2_1,UA,3,0.05654774199320903,0.25516417592066815,18.009978000161603,1040,1.1,13.2,0.1,0.1,0.1,335092.6,3474.910261,0,6,2,5,8,0.1526490121877717,0.8389452789868151,6.244319894822395,1
1P_OH_AL_AAC_#2_Iris_25_0,UA,1,1.058920906787938,0.7234825664914067,8.466805560558265,185,1.1,25,0.1,0.1,0.1,69413.23333,719.8152297,0,6,2,5,8,1.058920906787938,0.7234825664914067,8.466805560558265,1
1P_OH_AL_AAC_1/0_Poppy_25_0,UA,1,0.7149099584184252,0.6340394581377737,8.868674557256519,245,1.1,25,0.1,0.1,0.1,74805.25,775.7304425,0,6,2,5,8,0.7149099584184252,0.6340394581377737,8.868674557256519,1
1P_OH_AL_AAC_4/0_Oxlip_25_0,UA,1,0.38163468509952647,0.5419289341549737,9.51897399334564,380,1.1,25,0.1,0.1,0.1,87059.83333,902.8104717,0,6,2,5,8,0.38163468509952647,0.5419289341549737,9.51897399334564,1
1P_OH_AL_AAC_336kcmil_Tulip_25_0,UA,1,0.2483907800424325,0.4964616866628972,10.064524683141066,515,1.1,25,0.1,0.1,0.1,98824.23333,1024.8073,0,6,2,5,8,0.2483907800424325,0.4964616866628972,10.064524683141066,1
1P_OH_AL_AAC_477kcmil_Cosmos_25_0,UA,1,0.17966872750547488,0.47255132193006694,10.49164720706859,640,1.1,25,0.1,0.1,0.1,110098.45,1141.720926,0,6,2,5,8,0.17966872750547488,0.47255132193006694,10.49164720706859,1
2P_OH_AL_AAC_4/0_Oxlip_25_0,UA,2,0.26769334634073605,0.32158519194841984,14.138938770325176,380,1.1,25,0.1,0.1,0.1,121372.6667,1258.634553,0,6,2,5,8,0.4453438117489156,2.09036370038781,3.4494918081794457,1
2P_OH_AL_AAC_336kcmil_Tulip_25_0,UA,2,0.1682958169187369,0.2998947209035822,15.09084255319509,515,1.1,25,0.1,0.1,0.1,144901.4667,1502.628209,0,6,2,5,8,0.34594628232691654,2.0686732293429717,3.503331786805192,1
3P_OH_AL_AAC_4/0_Oxlip_25_0,UA,3,0.2680147968645606,0.3293001803063222,13.971730904448203,380,1.1,25,0.1,0.1,0.1,155685.5,1614.458635,0,6,2,5,8,0.584233083857033,1.0672224528037844,5.3093915194897665,1
3P_OH_AL_AAC_336kcmil_Tulip_25_0,UA,3,0.1685445207960617,0.3075333327254547,14.915334013471231,515,1.1,25,0.1,0.1,0.1,190978.7,1980.449119,0,6,2,5,8,0.39212350940809554,0.9817679902440557,5.534951354281711,1
3P_OH_AL_AAC_477kcmil_Cosmos_25_0,UA,3,0.11930240121787786,0.2945391256804927,15.658927679339442,640,1.1,25,0.1,0.1,0.1,224801.35,2331.189999,0,6,2,5,8,0.2895211400538771,0.9395427994458788,5.7094302120066995,1
3P_OH_AL_AAC_795kcmil_Arbutus_25_0,UA,3,0.07135857464401911,0.27380454993910375,16.933633080284935,875,1.1,25,0.1,0.1,0.1,288035,2986.92295,0,6,2,5,8,0.18523886312932122,0.8840939428342701,6.002422853288792,1
3P_OH_AL_ACSR_1033kcmil_Curlew_25_1,UA,3,0.05654774199320903,0.25516417592066815,18.009978000161603,1040,1.1,25,0.1,0.1,0.1,335092.6,3474.910261,0,6,2,5,8,0.1526490121877717,0.8389452789868151,6.244319894822395,1
END
#Urban-Underground
#Name,Type,Nphases,Resistance(ohms/km),Ind. Reactance(ohms/km),Capacitance(nF/km),Current(A),Overload(pu) ,Voltage(kV), Failure rate minimum[failures / km year], Failure rate medium[failures / km year], Failure rate maximum[failures / km year],Investment Cost (dollars/km),Preventive maintenance cost (dollars/km),Corrective maintenance cost (dollars/km),Preventive maintenance time (hours),Repair time minimum (hours),Repair time medium (hours),Repair time maximum (hours),R0 (ohms/km),X0 (ohms/km),C0 (nF/km),Delta (0=any
1P_UG_AL_1/0_Brenau_0_120_0,US,1,0.5412865460375061,0.2854159227505748,19.47940619831212,235,1.1,0.12,0.1,0.1,0.1,8269.583333,85.75557917,0,1,20,30,40,0.7189370114456858,2.25346300380733,4.114359399339752,0
1P_UG_AL_2/0_Converse_0_120_0,US,1,0.42648939938111274,0.27668230711268743,20.469067109424525,270,1.1,0.12,0.1,0.1,0.1,8384.476667,86.94702303,0,1,20,30,40,0.6041398647892923,2.2447293881694423,4.151324121360556,0
1P_UG_AL_4/0_Sweetbriar_0_120_0,US,1,0.2689933140293538,0.25919938329150216,22.83192487842698,350,1.1,0.12,0.1,0.1,0.1,8663.503333,89.84052957,0,1,20,30,40,0.44664377943753325,2.2272464643482577,4.227566515470429,0
3P_UG_AL_4/0_15_0_480_0,US,3,0.32912668566849046,0.25679020396600205,138.3968171963678,330,1.1,0.48,0.1,0.1,0.1,10936.75,113.4140975,0,1,20,30,40,0.7616702769483978,0.23406214188643096,138.3968171963678,0
3P_UG_AL_4/0_25_0_480_0,US,3,0.32335479842709386,0.25913374163351066,121.32436139598691,330,1.1,0.48,0.1,0.1,0.1,11059.85,114.6906445,0,1,20,30,40,0.7572308612516513,0.2518306833342787,121.32436139598691,0
3P_UG_AL_350kcmil_15_0_480_0,US,3,0.22121880314474754,0.23800425868314268,161.18516904454586,440,1.1,0.48,0.1,0.1,0.1,11983.1,124.264747,0,1,20,30,40,0.6305041787011884,0.2161354233566437,161.18516904454586,0
3P_UG_AL_350kcmil_25_0_480_0,US,3,0.21520605111320204,0.24054148145710078,137.56323227628855,440,1.1,0.48,0.1,0.1,0.1,12229.3,126.817841,0,1,20,30,40,0.6260817388136003,0.23484139493476452,137.56323227628855,0
3P_UG_AL_750kcmil_15_0_480_0,US,3,0.14787486098270125,0.17962574887947033,186.24870920868497,640,1.1,0.48,0.1,0.1,0.1,13891.15,144.0512255,0,1,20,30,40,0.3117848137958091,0.10732695441567046,186.24870920868497,0
3P_UG_AL_750kcmil_25_0_480_0,US,3,0.14216627268399443,0.18375167280193797,164.82594436783344,640,1.1,0.48,0.1,0.1,0.1,14198.9,147.242593,0,1,20,30,40,0.310284049032827,0.12035336388599484,164.82594436783344,0
1P_UG_AL_#2_15_4_0,US,1,1.1681997429383817,0.8107383591905857,99.67423723003729,170,1.1,4,0.1,0.1,0.1,40290.16667,417.8090283,0,1,20,30,40,1.1681997429383817,0.8107383591905857,99.67423723003729,1
1P_UG_AL_1/0_15_4_0,US,1,0.9397012862372117,0.5712398881686548,117.04047488162824,225,1.1,4,0.1,0.1,0.1,61021.5,632.792955,0,1,20,30,40,0.9397012862372117,0.5712398881686548,117.04047488162824,1
1P_UG_AL_1/0_25_4_0,US,1,0.9275418482781138,0.5827810016867051,99.80555501250379,225,1.1,4,0.1,0.1,0.1,65733.16667,681.6529383,0,1,20,30,40,0.9275418482781138,0.5827810016867051,99.80555501250379,1
1P_UG_AL_4/0_15_4_0,US,1,0.6299708467211494,0.3301489487714178,138.3968171963678,330,1.1,4,0.1,0.1,0.1,103426.5,1072.532805,0,1,20,30,40,0.6299708467211494,0.3301489487714178,138.3968171963678,1
1P_UG_AL_4/0_25_4_0,US,1,0.6219403008500214,0.34332824015825186,121.32436139598691,330,1.1,4,0.1,0.1,0.1,108138.1667,1121.392788,0,1,20,30,40,0.6219403008500214,0.34332824015825186,121.32436139598691,1
2P_OH_AL_ACSR_4/0_Penguin_4_0,US,2,0.26969329663091707,0.31132118432259526,14.433819321272846,365,1.1,4,0.1,0.1,0.1,183601.5556,1903.948131,0,6,20,30,40,0.4473437620390967,2.080099692761985,3.466748329478572,1
3P_UG_AL_4/0_15_4_0,US,3,0.32912668566849046,0.25679020396600205,138.3968171963678,330,1.1,4,0.1,0.1,0.1,247994.3333,2571.701237,0,1,20,30,40,0.7616702769483978,0.23406214188643096,138.3968171963678,1
3P_UG_AL_4/0_25_4_0,US,3,0.32335479842709386,0.25913374163351066,121.32436139598691,330,1.1,4,0.1,0.1,0.1,257417.6667,2669.421203,0,1,20,30,40,0.7572308612516513,0.2518306833342787,121.32436139598691,1
3P_UG_AL_350kcmil_15_4_0,US,3,0.22121880314474754,0.23800425868314268,161.18516904454586,440,1.1,4,0.1,0.1,0.1,328092.6667,3402.320953,0,1,20,30,40,0.6305041787011884,0.2161354233566437,161.18516904454586,1
3P_UG_AL_350kcmil_25_4_0,US,3,0.21520605111320204,0.24054148145710078,137.56323227628855,440,1.1,4,0.1,0.1,0.1,346939.3333,3597.760887,0,1,20,30,40,0.6260817388136003,0.23484139493476452,137.56323227628855,1
3P_UG_AL_500kcmil_15_4_0,US,3,0.18185175016963573,0.2135626838692877,176.5352682257022,530,1.1,4,0.1,0.1,0.1,398767.6667,4135.220703,0,1,20,30,40,0.4663490292428989,0.14574623967351788,176.5352682257022,1
3P_UG_AL_500kcmil_25_4_0,US,3,0.17421315051072822,0.21751695297529403,147.74803736275751,530,1.1,4,0.1,0.1,0.1,417614.3333,4330.660637,0,1,20,30,40,0.462857604161369,0.16587446111757242,147.74803736275751,1
3P_UG_AL_750kcmil_15_4_0,US,3,0.14787486098270125,0.17962574887947033,186.24870920868497,640,1.1,4,0.1,0.1,0.1,474154.3333,4916.980437,0,1,20,30,40,0.3117848137958091,0.10732695441567046,186.24870920868497,1
3P_UG_AL_750kcmil_25_4_0,US,3,0.14216627268399443,0.18375167280193797,164.82594436783344,640,1.1,4,0.1,0.1,0.1,497712.6667,5161.280353,0,1,20,30,40,0.310284049032827,0.12035336388599484,164.82594436783344,1
3P_UG_AL_1000mcm_15_4_0,US,3,0.12650234639486518,0.1547604713385087,200.63507592431088,730,1.1,4,0.1,0.1,0.1,521271,5405.58027,0,1,20,30,40,0.23518787219956247,0.09532978839216229,200.63507592431088,1
3P_UG_AL_1000mcm_69_4_0,US,3,0.12018625862380797,0.16062413388828298,174.33347549753304,730,1.1,4,0.1,0.1,0.1,554252.6667,5747.600153,0,1,20,30,40,0.23395696766360224,0.10945488020056117,174.33347549753304,1
3P_OH_AL_ACSR_1033kcmil_Curlew_4_1,US,3,0.05654774199320903,0.25516417592066815,18.009978000161603,1040,1.1,4,0.1,0.1,0.1,884065.46,8840.6546,0,6,2,5,8,0.1526490121877717,0.8389452789868151,6.244319894822395,1
1P_UG_AL_#2_15_12_47_0,US,1,1.1681997429383817,0.8107383591905857,99.67423723003729,170,1.1,12.47,0.1,0.1,0.1,40290.16667,417.8090283,0,1,20,30,40,1.1681997429383817,0.8107383591905857,99.67423723003729,1
1P_UG_AL_1/0_15_12_47_0,US,1,0.9397012862372117,0.5712398881686548,117.04047488162824,225,1.1,12.47,0.1,0.1,0.1,61021.5,632.792955,0,1,20,30,40,0.9397012862372117,0.5712398881686548,117.04047488162824,1
1P_UG_AL_1/0_25_12_47_0,US,1,0.9275418482781138,0.5827810016867051,99.80555501250379,225,1.1,12.47,0.1,0.1,0.1,65733.16667,681.6529383,0,1,20,30,40,0.9275418482781138,0.5827810016867051,99.80555501250379,1
1P_UG_AL_4/0_15_12_47_0,US,1,0.6299708467211494,0.3301489487714178,138.3968171963678,330,1.1,12.47,0.1,0.1,0.1,103426.5,1072.532805,0,1,20,30,40,0.6299708467211494,0.3301489487714178,138.3968171963678,1
1P_UG_AL_4/0_25_12_47_0,US,1,0.6219403008500214,0.34332824015825186,121.32436139598691,330,1.1,12.47,0.1,0.1,0.1,108138.1667,1121.392788,0,1,20,30,40,0.6219403008500214,0.34332824015825186,121.32436139598691,1
2P_OH_AL_ACSR_4/0_Penguin_12_47_0,US,2,0.26969329663091707,0.31132118432259526,14.433819321272846,365,1.1,12.47,0.1,0.1,0.1,183601.5556,1903.948131,0,6,20,30,40,0.4473437620390967,2.080099692761985,3.466748329478572,1
3P_UG_AL_4/0_25_12_47_0,US,3,0.32335479842709386,0.25913374163351066,121.32436139598691,330,1.1,12.47,0.1,0.1,0.1,257417.6667,2669.421203,0,1,20,30,40,0.7572308612516513,0.2518306833342787,121.32436139598691,1
3P_UG_AL_350kcmil_15_12_47_0,US,3,0.22121880314474754,0.23800425868314268,161.18516904454586,440,1.1,12.47,0.1,0.1,0.1,328092.6667,3402.320953,0,1,20,30,40,0.6305041787011884,0.2161354233566437,161.18516904454586,1
3P_UG_AL_350kcmil_25_12_47_0,US,3,0.21520605111320204,0.24054148145710078,137.56323227628855,440,1.1,12.47,0.1,0.1,0.1,346939.3333,3597.760887,0,1,20,30,40,0.6260817388136003,0.23484139493476452,137.56323227628855,1
3P_UG_AL_500kcmil_15_12_47_0,US,3,0.18185175016963573,0.2135626838692877,176.5352682257022,530,1.1,12.47,0.1,0.1,0.1,398767.6667,4135.220703,0,1,20,30,40,0.4663490292428989,0.14574623967351788,176.5352682257022,1
3P_UG_AL_500kcmil_25_12_47_0,US,3,0.17421315051072822,0.21751695297529403,147.74803736275751,530,1.1,12.47,0.1,0.1,0.1,417614.3333,4330.660637,0,1,20,30,40,0.462857604161369,0.16587446111757242,147.74803736275751,1
3P_UG_AL_750kcmil_15_12_47_0,US,3,0.14787486098270125,0.17962574887947033,186.24870920868497,640,1.1,12.47,0.1,0.1,0.1,474154.3333,4916.980437,0,1,20,30,40,0.3117848137958091,0.10732695441567046,186.24870920868497,1
3P_UG_AL_750kcmil_25_12_47_0,US,3,0.14216627268399443,0.18375167280193797,164.82594436783344,640,1.1,12.47,0.1,0.1,0.1,497712.6667,5161.280353,0,1,20,30,40,0.310284049032827,0.12035336388599484,164.82594436783344,1
3P_UG_AL_1000mcm_15_12_47_0,US,3,0.12650234639486518,0.1547604713385087,200.63507592431088,730,1.1,12.47,0.1,0.1,0.1,521271,5405.58027,0,1,20,30,40,0.23518787219956247,0.09532978839216229,200.63507592431088,1
3P_UG_AL_1000mcm_69_12_47_0,US,3,0.12018625862380797,0.16062413388828298,174.33347549753304,730,1.1,12.47,0.1,0.1,0.1,554252.6667,5747.600153,0,1,20,30,40,0.23395696766360224,0.10945488020056117,174.33347549753304,1
3P_OH_AL_ACSR_1033kcmil_Curlew_12.47_1,US,3,0.05654774199320903,0.25516417592066815,18.009978000161603,1040,1.1,12.47,0.1,0.1,0.1,884065.46,8840.6546,0,6,2,5,8,0.1526490121877717,0.8389452789868151,6.244319894822395,1
1P_UG_AL_#2_15_13_2_0,US,1,1.1681997429383817,0.8107383591905857,99.67423723003729,170,1.1,13.2,0.1,0.1,0.1,40290.16667,417.8090283,0,1,20,30,40,1.1681997429383817,0.8107383591905857,99.67423723003729,1
1P_UG_AL_1/0_15_13_2_0,US,1,0.9397012862372117,0.5712398881686548,117.04047488162824,225,1.1,13.2,0.1,0.1,0.1,61021.5,632.792955,0,1,20,30,40,0.9397012862372117,0.5712398881686548,117.04047488162824,1
1P_UG_AL_1/0_25_13_2_0,US,1,0.9275418482781138,0.5827810016867051,99.80555501250379,225,1.1,13.2,0.1,0.1,0.1,65733.16667,681.6529383,0,1,20,30,40,0.9275418482781138,0.5827810016867051,99.80555501250379,1
1P_UG_AL_4/0_15_13_2_0,US,1,0.6299708467211494,0.3301489487714178,138.3968171963678,330,1.1,13.2,0.1,0.1,0.1,103426.5,1072.532805,0,1,20,30,40,0.6299708467211494,0.3301489487714178,138.3968171963678,1
1P_UG_AL_4/0_25_13_2_0,US,1,0.6219403008500214,0.34332824015825186,121.32436139598691,330,1.1,13.2,0.1,0.1,0.1,108138.1667,1121.392788,0,1,20,30,40,0.6219403008500214,0.34332824015825186,121.32436139598691,1
2P_OH_AL_ACSR_4/0_Penguin_13_2_0,US,2,0.26969329663091707,0.31132118432259526,14.433819321272846,365,1.1,13.2,0.1,0.1,0.1,183601.5556,1903.948131,0,6,20,30,40,0.4473437620390967,2.080099692761985,3.466748329478572,1
3P_UG_AL_4/0_15_13_2_0,US,3,0.32912668566849046,0.25679020396600205,138.3968171963678,330,1.1,13.2,0.1,0.1,0.1,247994.3333,2571.701237,0,1,20,30,40,0.7616702769483978,0.23406214188643096,138.3968171963678,1
3P_UG_AL_4/0_25_13_2_0,US,3,0.32335479842709386,0.25913374163351066,121.32436139598691,330,1.1,13.2,0.1,0.1,0.1,257417.6667,2669.421203,0,1,20,30,40,0.7572308612516513,0.2518306833342787,121.32436139598691,1
3P_UG_AL_350kcmil_15_13_2_0,US,3,0.22121880314474754,0.23800425868314268,161.18516904454586,440,1.1,13.2,0.1,0.1,0.1,328092.6667,3402.320953,0,1,20,30,40,0.6305041787011884,0.2161354233566437,161.18516904454586,1
3P_UG_AL_350kcmil_25_13_2_0,US,3,0.21520605111320204,0.24054148145710078,137.56323227628855,440,1.1,13.2,0.1,0.1,0.1,346939.3333,3597.760887,0,1,20,30,40,0.6260817388136003,0.23484139493476452,137.56323227628855,1
3P_UG_AL_500kcmil_15_13_2_0,US,3,0.18185175016963573,0.2135626838692877,176.5352682257022,530,1.1,13.2,0.1,0.1,0.1,398767.6667,4135.220703,0,1,20,30,40,0.4663490292428989,0.14574623967351788,176.5352682257022,1
3P_UG_AL_500kcmil_25_13_2_0,US,3,0.17421315051072822,0.21751695297529403,147.74803736275751,530,1.1,13.2,0.1,0.1,0.1,417614.3333,4330.660637,0,1,20,30,40,0.462857604161369,0.16587446111757242,147.74803736275751,1
3P_UG_AL_750kcmil_15_13_2_0,US,3,0.14787486098270125,0.17962574887947033,186.24870920868497,640,1.1,13.2,0.1,0.1,0.1,474154.3333,4916.980437,0,1,20,30,40,0.3117848137958091,0.10732695441567046,186.24870920868497,1
3P_UG_AL_750kcmil_25_13_2_0,US,3,0.14216627268399443,0.18375167280193797,164.82594436783344,640,1.1,13.2,0.1,0.1,0.1,497712.6667,5161.280353,0,1,20,30,40,0.310284049032827,0.12035336388599484,164.82594436783344,1
3P_UG_AL_1000mcm_15_13_2_0,US,3,0.12650234639486518,0.1547604713385087,200.63507592431088,730,1.1,13.2,0.1,0.1,0.1,521271,5405.58027,0,1,20,30,40,0.23518787219956247,0.09532978839216229,200.63507592431088,1
3P_UG_AL_1000mcm_69_13_2_0,US,3,0.12018625862380797,0.16062413388828298,174.33347549753304,730,1.1,13.2,0.1,0.1,0.1,554252.6667,5747.600153,0,1,20,30,40,0.23395696766360224,0.10945488020056117,174.33347549753304,1
3P_OH_AL_ACSR_1033kcmil_Curlew_13.2_1,US,3,0.05654774199320903,0.25516417592066815,18.009978000161603,1040,1.1,13.2,0.1,0.1,0.1,884065.46,8840.6546,0,6,2,5,8,0.1526490121877717,0.8389452789868151,6.244319894822395,1
1P_UG_AL_1/0_25_25_0,US,1,0.9275418482781138,0.5827810016867051,99.80555501250379,225,1.1,25,0.1,0.1,0.1,65733.16667,681.6529383,0,1,20,30,40,0.9275418482781138,0.5827810016867051,99.80555501250379,1
1P_UG_AL_4/0_25_25_0,US,1,0.6219403008500214,0.34332824015825186,121.32436139598691,330,1.1,25,0.1,0.1,0.1,108138.1667,1121.392788,0,1,20,30,40,0.6219403008500214,0.34332824015825186,121.32436139598691,1
2P_OH_AL_ACSR_4/0_Penguin_25_0,US,2,0.26969329663091707,0.31132118432259526,14.433819321272846,365,1.1,25,0.1,0.1,0.1,183601.5556,1903.948131,0,6,20,30,40,0.4473437620390967,2.080099692761985,3.466748329478572,1
3P_UG_AL_4/0_25_25_0,US,3,0.32335479842709386,0.25913374163351066,121.32436139598691,330,1.1,25,0.1,0.1,0.1,257417.6667,2669.421203,0,1,20,30,40,0.7572308612516513,0.2518306833342787,121.32436139598691,1
3P_UG_AL_350kcmil_25_25_0,US,3,0.21520605111320204,0.24054148145710078,137.56323227628855,440,1.1,25,0.1,0.1,0.1,346939.3333,3597.760887,0,1,20,30,40,0.6260817388136003,0.23484139493476452,137.56323227628855,1
3P_UG_AL_500kcmil_25_25_0,US,3,0.17421315051072822,0.21751695297529403,147.74803736275751,530,1.1,25,0.1,0.1,0.1,417614.3333,4330.660637,0,1,20,30,40,0.462857604161369,0.16587446111757242,147.74803736275751,1
3P_UG_AL_750kcmil_25_25_0,US,3,0.14216627268399443,0.18375167280193797,164.82594436783344,640,1.1,25,0.1,0.1,0.1,497712.6667,5161.280353,0,1,20,30,40,0.310284049032827,0.12035336388599484,164.82594436783344,1
3P_UG_AL_1000mcm_69_25_0,US,3,0.12018625862380797,0.16062413388828298,174.33347549753304,730,1.1,25,0.1,0.1,0.1,554252.6667,5747.600153,0,1,20,30,40,0.23395696766360224,0.10945488020056117,174.33347549753304,1
3P_OH_AL_ACSR_1033kcmil_Curlew_25_1,US,3,0.05654774199320903,0.25516417592066815,18.009978000161603,1040,1.1,25,0.1,0.1,0.1,884065.46,8840.6546,0,6,2,5,8,0.1526490121877717,0.8389452789868151,6.244319894822395,1
END
</LINES>
<SUBSTATIONS AND DISTRIBUTION TRANSFORMERS>
#Interurban:
#Name,Type,Voltage level,Nphases,Installed Power(MVA),Guaranteed Power(MVA),Primary Voltage (kV),Secondary Voltage (kV),Reactance (p.u. transf),No load losses(kW),Low-voltage-side short-circuit resistance (ohms),Maximum number of outputs,Investment cost per output (dollars), Failure rate minimum[failures / year], Failure rate medium[failures / year], Failure rate maximum[failures / year],Investment Cost (dollars),Preventive maintenance cost (dollars),Corrective maintenance cost (dollars),GIS Ratio,Preventive maintenance time (hours),Repair time minimum (hours),Repair time medium (hours),Repair time maximum (hours),Probability,Centertap
MAT_1I_230_69,I,EHV-HV,3,300,300,230,69,0.0743,115.5803571,0.056161504,12,729000,0.005,0.005,0.005,6953904,186364.6272,0,0.1,230,14,30,44,0,false
MAT_2I_230_69,I,EHV-HV,3,800,800,230,69,0.0743,308.2142857,0.021060564,12,729000,0.005,0.005,0.005,14133744,378784.3392,0,0.1,230,14,30,44,0,false
MAT_3I_230_69,I,EHV-HV,3,1300,1300,230,69,0.0743,500.8482143,0.012960347,12,729000,0.005,0.005,0.005,23203584,621856.0512,0,0.1,230,14,30,44,100,false
END
#Urban:
#Name,Type,Voltage level,Nphases,Installed Power(MVA),Guaranteed Power(MVA),Primary Voltage (kV),Secondary Voltage (kV),Reactance (p.u. transf),No load losses(kW),Low-voltage-side short-circuit resistance (ohms),Maximum number of outputs,Investment cost per output (dollars), Failure rate minimum[failures / year], Failure rate medium[failures / year], Failure rate maximum[failures / year],Investment Cost (dollars),Preventive maintenance cost (dollars),Corrective maintenance cost (dollars),GIS Ratio,Preventive maintenance time (hours),Repair time minimum (hours),Repair time medium (hours),Repair time maximum (hours),Probability,Centertap
MAT_1U_230_69,U,EHV-HV,3,300,300,230,69,0.0743,115.5803571,0.056161504,12,729000,0.005,0.005,0.005,6953904,186364.6272,0,0.1,230,14,30,44,0,false
MAT_2U_230_69,U,EHV-HV,3,800,800,230,69,0.0743,308.2142857,0.021060564,12,729000,0.005,0.005,0.005,14133744,378784.3392,0,0.1,230,14,30,44,0,false
MAT_3U_230_69,U,EHV-HV,3,1300,1300,230,69,0.0743,500.8482143,0.012960347,12,729000,0.005,0.005,0.005,23203584,621856.0512,0,0.1,230,14,30,44,100,false
END
#Interurban:
#Name,Type,Voltage level,Nphases,Installed Power(MVA),Guaranteed Power(MVA),Primary Voltage (kV),Secondary Voltage (kV),Reactance (p.u. transf),No load losses(kW),Low-voltage-side short-circuit resistance (ohms),Maximum number of outputs,Investment cost per output (dollars), Failure rate minimum[failures / year], Failure rate medium[failures / year], Failure rate maximum[failures / year],Investment Cost (dollars),Preventive maintenance cost (dollars),Corrective maintenance cost (dollars),GIS Ratio,Preventive maintenance time (hours),Repair time minimum (hours),Repair time medium (hours),Repair time maximum (hours),Probability,Centertap
SUB_0_A_69_4,I,HV-MV,3,8,8,69,4,0.068,6.451,0.019428571,4,204749.4631,0.005,0.005,0.005,1020087.091,27338.33404,0,0.1,230,14,30,44,0,false
SUB_0_69_4,I,HV-MV,3,16,16,69,4,0.0743,12.902,0.0068,4,383905.2434,0.005,0.005,0.005,1912663.296,51259.37633,0,0.1,230,14,30,44,0,false
SUB_1_69_4,I,HV-MV,3,30,30,69,4,0.0743,24.75,0.00352,8,719822.3314,0.005,0.005,0.005,3586243.68,96111.33062,0,0.1,230,14,30,44,100,false
SUB_0_69_12_47,I,HV-MV,3,16,16,69,12.47,0.0743,12.902,0.066087883,4,383905.2434,0.005,0.005,0.005,1912663.296,51259.37633,0,0.1,230,14,30,44,0,false
SUB_1_69_12_47,I,HV-MV,3,30,30,69,12.47,0.0743,24.75,0.034210198,8,719822.3314,0.005,0.005,0.005,3586243.68,96111.33062,0,0.1,230,14,30,44,0,false
SUB_2_69_12_47,I,HV-MV,3,40,40,69,12.47,0.0743,33,0.02410264,8,959763.1085,0.005,0.005,0.005,4781658.24,128148.4408,0,0.1,230,14,30,44,0,false
SUB_3_69_12_47,I,HV-MV,3,50,50,69,12.47,0.0743,41.25,0.018660108,12,1199703.886,0.005,0.005,0.005,5977072.8,160185.551,0,0.1,230,14,30,44,0,false
SUB_1_2x_69_12_47,I,HV-MV,3,60,60,69,12.47,0.0743,49.5,0.015031754,12,1439644.663,0.005,0.005,0.005,7172487.36,192222.6612,0,0.1,230,14,30,44,0,false
SUB_2_2x_69_12_47,I,HV-MV,3,80,80,69,12.47,0.0743,66,0.010885063,12,1919526.217,0.005,0.005,0.005,9563316.48,256296.8817,0,0.1,230,14,30,44,100,false
SUB_0_69_13_2,I,HV-MV,3,16,16,69,13.2,0.0743,12.902,0.074052001,4,383905.2434,0.005,0.005,0.005,1912663.296,51259.37633,0,0.1,230,14,30,44,0,false
SUB_1_69_13_2,I,HV-MV,3,30,30,69,13.2,0.0743,24.75,0.0383328,8,719822.3314,0.005,0.005,0.005,3586243.68,96111.33062,0,0.1,230,14,30,44,0,false
SUB_2_69_13_2,I,HV-MV,3,40,40,69,13.2,0.0743,33,0.027007201,8,959763.1085,0.005,0.005,0.005,4781658.24,128148.4408,0,0.1,230,14,30,44,0,false
SUB_3_69_13_2,I,HV-MV,3,50,50,69,13.2,0.0743,41.25,0.0209088,12,1199703.886,0.005,0.005,0.005,5977072.8,160185.551,0,0.1,230,14,30,44,0,false
SUB_1_2x_69_13_2,I,HV-MV,3,60,60,69,13.2,0.0743,49.5,0.0168432,12,1439644.663,0.005,0.005,0.005,7172487.36,192222.6612,0,0.1,230,14,30,44,0,false
SUB_2_2x_69_13_2,I,HV-MV,3,80,80,69,13.2,0.0743,66,0.0121968,12,1919526.217,0.005,0.005,0.005,9563316.48,256296.8817,0,0.1,230,14,30,44,100,false
SUB_0_69_25,I,HV-MV,3,16,16,69,25,0.0743,12.902,0.265625002,4,383905.2434,0.005,0.005,0.005,1912663.296,51259.37633,0,0.1,230,14,30,44,0,false
SUB_1_69_25,I,HV-MV,3,30,30,69,25,0.0743,24.75,0.1375,8,719822.3314,0.005,0.005,0.005,3586243.68,96111.33062,0,0.1,230,14,30,44,0,false
SUB_2_69_25,I,HV-MV,3,40,40,69,25,0.0743,33,0.096875002,8,959763.1085,0.005,0.005,0.005,4781658.24,128148.4408,0,0.1,230,14,30,44,0,false
SUB_3_69_25,I,HV-MV,3,50,50,69,25,0.0743,41.25,0.075,12,1199703.886,0.005,0.005,0.005,5977072.8,160185.551,0,0.1,230,14,30,44,0,false
SUB_1_2x_69_25,I,HV-MV,3,60,60,69,25,0.0743,49.5,0.060416668,12,1439644.663,0.005,0.005,0.005,7172487.36,192222.6612,0,0.1,230,14,30,44,0,false
SUB_2_2x_69_25,I,HV-MV,3,80,80,69,25,0.0743,66,0.04375,12,1919526.217,0.005,0.005,0.005,9563316.48,256296.8817,0,0.1,230,14,30,44,100,false
END
#Urban:
#Name,Type,Voltage level,Nphases,Installed Power(MVA),Guaranteed Power(MVA),Primary Voltage (kV),Secondary Voltage (kV),Reactance (p.u. transf),No load losses(kW),Low-voltage-side short-circuit resistance (ohms),Maximum number of outputs,Investment cost per output (dollars), Failure rate minimum[failures / year], Failure rate medium[failures / year], Failure rate maximum[failures / year],Investment Cost (dollars),Preventive maintenance cost (dollars),Corrective maintenance cost (dollars),GIS Ratio,Preventive maintenance time (hours),Repair time minimum (hours),Repair time medium (hours),Repair time maximum (hours),Probability,Centertap
SUB_0_A_69_4,U,HV-MV,3,8,8,69,4,0.068,6.451,0.019428571,4,204749.4631,0.005,0.005,0.005,1020087.091,27338.33404,0,0.1,230,14,30,44,0,false
SUB_0_69_4,U,HV-MV,3,16,16,69,4,0.0743,12.902,0.0066,4,383905.2434,0.005,0.005,0.005,1912663.296,51259.37633,0,0.1,230,14,30,44,0,false
SUB_1_69_4,U,HV-MV,3,30,30,69,4,0.0743,24.75,0.003413333,8,719822.3314,0.005,0.005,0.005,3586243.68,96111.33062,0,0.1,230,14,30,44,100,false
SUB_0_69_12_47,U,HV-MV,3,16,16,69,12.47,0.0743,12.902,0.064144121,4,383905.2434,0.005,0.005,0.005,1912663.296,51259.37633,0,0.1,230,14,30,44,0,false
SUB_1_69_12_47,U,HV-MV,3,30,30,69,12.47,0.0743,24.75,0.033173525,8,719822.3314,0.005,0.005,0.005,3586243.68,96111.33062,0,0.1,230,14,30,44,0,false
SUB_2_69_12_47,U,HV-MV,3,40,40,69,12.47,0.0743,33,0.02410264,8,959763.1085,0.005,0.005,0.005,4781658.24,128148.4408,0,0.1,230,14,30,44,0,false
SUB_3_69_12_47,U,HV-MV,3,50,50,69,12.47,0.0743,41.25,0.018660108,12,1199703.886,0.005,0.005,0.005,5977072.8,160185.551,0,0.1,230,14,30,44,0,false
SUB_1_2x_69_12_47,U,HV-MV,3,60,60,69,12.47,0.0743,49.5,0.015031754,12,1439644.663,0.005,0.005,0.005,7172487.36,192222.6612,0,0.1,230,14,30,44,0,false
SUB_2_2x_69_12_47,U,HV-MV,3,80,80,69,12.47,0.0743,66,0.010885063,12,1919526.217,0.005,0.005,0.005,9563316.48,256296.8817,0,0.1,230,14,30,44,100,false
SUB_0_69_13_2,U,HV-MV,3,16,16,69,13.2,0.0743,12.902,0.071874,4,383905.2434,0.005,0.005,0.005,1912663.296,51259.37633,0,0.1,230,14,30,44,0,false
SUB_1_69_13_2,U,HV-MV,3,30,30,69,13.2,0.0743,24.75,0.0371712,8,719822.3314,0.005,0.005,0.005,3586243.68,96111.33062,0,0.1,230,14,30,44,0,false
SUB_2_69_13_2,U,HV-MV,3,40,40,69,13.2,0.0743,33,0.027007201,8,959763.1085,0.005,0.005,0.005,4781658.24,128148.4408,0,0.1,230,14,30,44,0,false
SUB_3_69_13_2,U,HV-MV,3,50,50,69,13.2,0.0743,41.25,0.0209088,12,1199703.886,0.005,0.005,0.005,5977072.8,160185.551,0,0.1,230,14,30,44,0,false
SUB_1_2x_69_13_2,U,HV-MV,3,60,60,69,13.2,0.0743,49.5,0.0168432,12,1439644.663,0.005,0.005,0.005,7172487.36,192222.6612,0,0.1,230,14,30,44,0,false
SUB_2_2x_69_13_2,U,HV-MV,3,80,80,69,13.2,0.0743,66,0.0121968,12,1919526.217,0.005,0.005,0.005,9563316.48,256296.8817,0,0.1,230,14,30,44,100,false
SUB_0_69_25,U,HV-MV,3,16,16,69,25,0.0743,12.902,0.257812499,4,383905.2434,0.005,0.005,0.005,1912663.296,51259.37633,0,0.1,230,14,30,44,0,false
SUB_1_69_25,U,HV-MV,3,30,30,69,25,0.0743,24.75,0.133333332,8,719822.3314,0.005,0.005,0.005,3586243.68,96111.33062,0,0.1,230,14,30,44,0,false
SUB_2_69_25,U,HV-MV,3,40,40,69,25,0.0743,33,0.096875002,8,959763.1085,0.005,0.005,0.005,4781658.24,128148.4408,0,0.1,230,14,30,44,0,false
SUB_3_69_25,U,HV-MV,3,50,50,69,25,0.0743,41.25,0.075,12,1199703.886,0.005,0.005,0.005,5977072.8,160185.551,0,0.1,230,14,30,44,0,false
SUB_1_2x_69_25,U,HV-MV,3,60,60,69,25,0.0743,49.5,0.060416668,12,1439644.663,0.005,0.005,0.005,7172487.36,192222.6612,0,0.1,230,14,30,44,0,false
SUB_2_2x_69_25,U,HV-MV,3,80,80,69,25,0.0743,66,0.04375,12,1919526.217,0.005,0.005,0.005,9563316.48,256296.8817,0,0.1,230,14,30,44,100,false
END
#Interurban:
#Name,Type,Voltage level,Nphases,Installed Power(kVA),Guaranteed Power(kVA),Primary Voltage (kV),Secondary Voltage (kV),Reactance (p.u. transf),No load losses(kW),Low-voltage-side short-circuit resistance (ohms),Maximum number of outputs,Investment cost per output (dollars), Failure rate minimum[failures / year], Failure rate medium[failures / year], Failure rate maximum[failures / year],Investment Cost (dollars),Preventive maintenance cost (dollars),Corrective maintenance cost (dollars),GIS Ratio,Preventive maintenance time (hours),Repair time minimum (hours),Repair time medium (hours),Repair time maximum (hours),Probability,Centertap
OH1_1_4_0_120,I,MV-LV,1,10,10,4,0.120,0.009,0.068,0.144,5,0,0.005,0.005,0.005,2400,64.32,0,0.1,230,14,30,44,21,true
OH1_2_4_0_120,I,MV-LV,1,25,25,4,0.120,0.02,0.118,0.036864,10,0,0.005,0.005,0.005,3075,82.41,0,0.1,230,14,30,44,21,true
OH1_3_4_0_120,I,MV-LV,1,50,50,4,0.120,0.02,0.185,0.013824,12,0,0.005,0.005,0.005,4500,120.6,0,0.1,230,14,30,44,54,true
OH1_4_4_0_120,I,MV-LV,1,75,75,4,0.120,0.02,0.285,0.00768,12,0,0.005,0.005,0.005,6900,184.92,0,0.1,230,14,30,44,4,true
PM3_1_4_0_480,I,MV-LV,3,75,75,4,0.480,0.0324,0.45,0.0402432,6,0,0.005,0.005,0.005,35175,942.69,0,0.1,230,14,30,44,15,false
PM3_2_4_0_480,I,MV-LV,3,100,100,4,0.480,0.0329,0.62,0.0278784,6,0,0.005,0.005,0.005,36975,990.93,0,0.1,230,14,30,44,36,false
PM3_3_4_0_480,I,MV-LV,3,150,150,4,0.480,0.0339,0.775,0.0248832,6,0,0.005,0.005,0.005,38625,1035.15,0,0.1,230,14,30,44,36,false
PM3_4_4_0_480,I,MV-LV,3,300,300,4,0.480,0.0376,0.975,0.0105216,6,0,0.005,0.005,0.005,47100,1262.28,0,0.1,230,14,30,44,6,false
PM3_5_4_0_480,I,MV-LV,3,500,500,4,0.480,0.0436,1.33,0.0050688,6,0,0.005,0.005,0.005,55875,1497.45,0,0.1,230,14,30,44,7,false
PM3_6_4_0_480,I,MV-LV,3,1000,1000,4,0.480,0.0562,2,0.0027648,2,0,0.005,0.005,0.005,69600,1865.28,0,0.1,230,14,30,44,0,false
PM3_6_4_0_480,I,MV-LV,3,1500,1500,4,0.480,0.0565,2.88,0.0016128,1,0,0.005,0.005,0.005,95000,2546,0,0.1,230,14,30,44,0,false
OH1_1_12_47_0_120,I,MV-LV,1,10,10,12.47,0.120,0.009,0.068,0.144,5,0,0.005,0.005,0.005,2400,64.32,0,0.1,230,14,30,44,21,true
OH1_2_12_47_0_120,I,MV-LV,1,25,25,12.47,0.120,0.02,0.118,0.036864,10,0,0.005,0.005,0.005,3075,82.41,0,0.1,230,14,30,44,21,true
OH1_3_12_47_0_120,I,MV-LV,1,50,50,12.47,0.120,0.02,0.185,0.013824,12,0,0.005,0.005,0.005,4500,120.6,0,0.1,230,14,30,44,54,true
OH1_4_12_47_0_120,I,MV-LV,1,75,75,12.47,0.120,0.02,0.285,0.00768,12,0,0.005,0.005,0.005,6900,184.92,0,0.1,230,14,30,44,4,true
PM3_1_12_47_0_480,I,MV-LV,3,75,75,12.47,0.480,0.0324,0.45,0.0402432,6,0,0.005,0.005,0.005,35175,942.69,0,0.1,230,14,30,44,15,false
PM3_2_12_47_0_480,I,MV-LV,3,100,100,12.47,0.480,0.0329,0.62,0.0278784,6,0,0.005,0.005,0.005,36975,990.93,0,0.1,230,14,30,44,36,false
PM3_3_12_47_0_480,I,MV-LV,3,150,150,12.47,0.480,0.0339,0.775,0.0248832,6,0,0.005,0.005,0.005,38625,1035.15,0,0.1,230,14,30,44,36,false
PM3_4_12_47_0_480,I,MV-LV,3,300,300,12.47,0.480,0.0376,0.975,0.0105216,6,0,0.005,0.005,0.005,47100,1262.28,0,0.1,230,14,30,44,6,false
PM3_5_12_47_0_480,I,MV-LV,3,500,500,12.47,0.480,0.0436,1.33,0.0050688,6,0,0.005,0.005,0.005,55875,1497.45,0,0.1,230,14,30,44,7,false
PM3_6_12_47_0_480,I,MV-LV,3,1000,1000,12.47,0.480,0.0562,2,0.0027648,2,0,0.005,0.005,0.005,69600,1865.28,0,0.1,230,14,30,44,0,false
PM3_6_12_47_0_480,I,MV-LV,3,1500,1500,12.47,0.480,0.0565,2.88,0.0016128,1,0,0.005,0.005,0.005,95000,2546,0,0.1,230,14,30,44,0,false
OH1_1_13_2_0_120,I,MV-LV,1,10,10,13.2,0.120,0.009,0.068,0.144,5,0,0.005,0.005,0.005,2400,64.32,0,0.1,230,14,30,44,21,true
OH1_2_13_2_0_120,I,MV-LV,1,25,25,13.2,0.120,0.02,0.118,0.036864,10,0,0.005,0.005,0.005,3075,82.41,0,0.1,230,14,30,44,21,true
OH1_3_13_2_0_120,I,MV-LV,1,50,50,13.2,0.120,0.02,0.185,0.013824,12,0,0.005,0.005,0.005,4500,120.6,0,0.1,230,14,30,44,54,true
OH1_4_13_2_0_120,I,MV-LV,1,75,75,13.2,0.120,0.02,0.285,0.00768,12,0,0.005,0.005,0.005,6900,184.92,0,0.1,230,14,30,44,4,true
PM3_1_13_2_0_480,I,MV-LV,3,75,75,13.2,0.480,0.0324,0.45,0.0402432,6,0,0.005,0.005,0.005,35175,942.69,0,0.1,230,14,30,44,15,false
PM3_2_13_2_0_480,I,MV-LV,3,100,100,13.2,0.480,0.0329,0.62,0.0278784,6,0,0.005,0.005,0.005,36975,990.93,0,0.1,230,14,30,44,36,false
PM3_3_13_2_0_480,I,MV-LV,3,150,150,13.2,0.480,0.0339,0.775,0.0248832,6,0,0.005,0.005,0.005,38625,1035.15,0,0.1,230,14,30,44,36,false
PM3_4_13_2_0_480,I,MV-LV,3,300,300,13.2,0.480,0.0376,0.975,0.0105216,6,0,0.005,0.005,0.005,47100,1262.28,0,0.1,230,14,30,44,6,false
PM3_5_13_2_0_480,I,MV-LV,3,500,500,13.2,0.480,0.0436,1.33,0.0050688,6,0,0.005,0.005,0.005,55875,1497.45,0,0.1,230,14,30,44,7,false
PM3_6_13_2_0_480,I,MV-LV,3,1000,1000,13.2,0.480,0.0562,2,0.0027648,2,0,0.005,0.005,0.005,69600,1865.28,0,0.1,230,14,30,44,0,false
PM3_6_13_2_0_480,I,MV-LV,3,1500,1500,13.2,0.480,0.0565,2.88,0.0016128,1,0,0.005,0.005,0.005,95000,2546,0,0.1,230,14,30,44,0,false
OH1_1_25_0_120,I,MV-LV,1,10,10,25,0.120,0.009,0.068,0.144,5,0,0.005,0.005,0.005,2400,64.32,0,0.1,230,14,30,44,21,true
OH1_2_25_0_120,I,MV-LV,1,25,25,25,0.120,0.02,0.118,0.036864,10,0,0.005,0.005,0.005,3075,82.41,0,0.1,230,14,30,44,21,true
OH1_3_25_0_120,I,MV-LV,1,50,50,25,0.120,0.02,0.185,0.013824,12,0,0.005,0.005,0.005,4500,120.6,0,0.1,230,14,30,44,54,true
OH1_4_25_0_120,I,MV-LV,1,75,75,25,0.120,0.02,0.285,0.00768,12,0,0.005,0.005,0.005,6900,184.92,0,0.1,230,14,30,44,4,true
PM3_1_25_0_480,I,MV-LV,3,75,75,25,0.480,0.0324,0.45,0.0402432,6,0,0.005,0.005,0.005,35175,942.69,0,0.1,230,14,30,44,15,false
PM3_2_25_0_480,I,MV-LV,3,100,100,25,0.480,0.0329,0.62,0.0278784,6,0,0.005,0.005,0.005,36975,990.93,0,0.1,230,14,30,44,36,false
PM3_3_25_0_480,I,MV-LV,3,150,150,25,0.480,0.0339,0.775,0.0248832,6,0,0.005,0.005,0.005,38625,1035.15,0,0.1,230,14,30,44,36,false
PM3_4_25_0_480,I,MV-LV,3,300,300,25,0.480,0.0376,0.975,0.0105216,6,0,0.005,0.005,0.005,47100,1262.28,0,0.1,230,14,30,44,6,false
PM3_5_25_0_480,I,MV-LV,3,500,500,25,0.480,0.0436,1.33,0.0050688,6,0,0.005,0.005,0.005,55875,1497.45,0,0.1,230,14,30,44,7,false
PM3_6_25_0_480,I,MV-LV,3,1000,1000,25,0.480,0.0562,2,0.0027648,2,0,0.005,0.005,0.005,69600,1865.28,0,0.1,230,14,30,44,0,false
PM3_6_25_0_480,I,MV-LV,3,1500,1500,25,0.480,0.0565,2.88,0.0016128,1,0,0.005,0.005,0.005,95000,2546,0,0.1,230,14,30,44,0,false
END
#Urban:
#Name,Type,Voltage level,Nphases,Installed Power(kVA),Guaranteed Power(kVA),Primary Voltage (kV),Secondary Voltage (kV),Reactance (p.u. transf),No load losses(kW),Low-voltage-side short-circuit resistance (ohms),Maximum number of outputs,Investment cost per output (dollars), Failure rate minimum[failures / year], Failure rate medium[failures / year], Failure rate maximum[failures / year],Investment Cost (dollars),Preventive maintenance cost (dollars),Corrective maintenance cost (dollars),GIS Ratio,Preventive maintenance time (hours),Repair time minimum (hours),Repair time medium (hours),Repair time maximum (hours),Probability,Centertap
OH1_2_4_0_120,U,MV-LV,1,25,25,4,0.120,0.02,0.118,0.036864,10,0,0.005,0.005,0.005,3075,82.41,0,0.1,230,14,30,44,12,true
OH1_3_4_0_120,U,MV-LV,1,50,50,4,0.120,0.02,0.185,0.018432,12,0,0.005,0.005,0.005,4500,120.6,0,0.1,230,14,30,44,53,true
OH1_4_4_0_120,U,MV-LV,1,75,75,4,0.120,0.02,0.285,0.00768,12,0,0.005,0.005,0.005,6900,184.92,0,0.1,230,14,30,44,35,true
PM3_1_4_0_480,U,MV-LV,3,75,75,4,0.480,0.0324,0.45,0.0402432,6,0,0.005,0.005,0.005,35175,942.69,0,0.1,230,14,30,44,6,false
PM3_2_4_0_480,U,MV-LV,3,100,100,4,0.480,0.0329,0.62,0.0278784,6,0,0.005,0.005,0.005,36975,990.93,0,0.1,230,14,30,44,14,false
PM3_3_4_0_480,U,MV-LV,3,150,150,4,0.480,0.0339,0.775,0.0248832,6,0,0.005,0.005,0.005,38625,1035.15,0,0.1,230,14,30,44,14,false
PM3_4_4_0_480,U,MV-LV,3,300,300,4,0.480,0.0376,0.975,0.0105216,6,0,0.005,0.005,0.005,47100,1262.28,0,0.1,230,14,30,44,28,false
PM3_5_4_0_480,U,MV-LV,3,500,500,4,0.480,0.0436,1.33,0.0050688,6,0,0.005,0.005,0.005,55875,1497.45,0,0.1,230,14,30,44,24,false
PM3_6_4_0_480,U,MV-LV,3,1000,1000,4,0.480,0.0562,2,0.0027648,2,0,0.005,0.005,0.005,69600,1865.28,0,0.1,230,14,30,44,10,false
PM3_6_4_0_480,U,MV-LV,3,1500,1500,4,0.480,0.0565,2.88,0.0016128,1,0,0.005,0.005,0.005,95000,2546,0,0.1,230,14,30,44,4,false
OH1_2_12_47_0_120,U,MV-LV,1,25,25,12.47,0.120,0.02,0.118,0.036864,10,0,0.005,0.005,0.005,3075,82.41,0,0.1,230,14,30,44,12,true
OH1_3_12_47_0_120,U,MV-LV,1,50,50,12.47,0.120,0.02,0.185,0.018432,12,0,0.005,0.005,0.005,4500,120.6,0,0.1,230,14,30,44,53,true
OH1_4_12_47_0_120,U,MV-LV,1,75,75,12.47,0.120,0.02,0.285,0.00768,12,0,0.005,0.005,0.005,6900,184.92,0,0.1,230,14,30,44,35,true
PM3_1_12_47_0_480,U,MV-LV,3,75,75,12.47,0.480,0.0324,0.45,0.0402432,6,0,0.005,0.005,0.005,35175,942.69,0,0.1,230,14,30,44,6,false
PM3_2_12_47_0_480,U,MV-LV,3,100,100,12.47,0.480,0.0329,0.62,0.0278784,6,0,0.005,0.005,0.005,36975,990.93,0,0.1,230,14,30,44,14,false
PM3_3_12_47_0_480,U,MV-LV,3,150,150,12.47,0.480,0.0339,0.775,0.0248832,6,0,0.005,0.005,0.005,38625,1035.15,0,0.1,230,14,30,44,14,false
PM3_4_12_47_0_480,U,MV-LV,3,300,300,12.47,0.480,0.0376,0.975,0.0105216,6,0,0.005,0.005,0.005,47100,1262.28,0,0.1,230,14,30,44,28,false
PM3_5_12_47_0_480,U,MV-LV,3,500,500,12.47,0.480,0.0436,1.33,0.0050688,6,0,0.005,0.005,0.005,55875,1497.45,0,0.1,230,14,30,44,24,false
PM3_6_12_47_0_480,U,MV-LV,3,1000,1000,12.47,0.480,0.0562,2,0.0027648,2,0,0.005,0.005,0.005,69600,1865.28,0,0.1,230,14,30,44,10,false
PM3_6_12_47_0_480,U,MV-LV,3,1500,1500,12.47,0.480,0.0565,2.88,0.0016128,1,0,0.005,0.005,0.005,95000,2546,0,0.1,230,14,30,44,4,false
OH1_2_13_2_0_120,U,MV-LV,1,25,25,13.2,0.120,0.02,0.118,0.036864,10,0,0.005,0.005,0.005,3075,82.41,0,0.1,230,14,30,44,12,true
OH1_3_13_2_0_120,U,MV-LV,1,50,50,13.2,0.120,0.02,0.185,0.018432,12,0,0.005,0.005,0.005,4500,120.6,0,0.1,230,14,30,44,53,true
OH1_4_13_2_0_120,U,MV-LV,1,75,75,13.2,0.120,0.02,0.285,0.00768,12,0,0.005,0.005,0.005,6900,184.92,0,0.1,230,14,30,44,35,true
PM3_1_13_2_0_480,U,MV-LV,3,75,75,13.2,0.480,0.0324,0.45,0.0402432,6,0,0.005,0.005,0.005,35175,942.69,0,0.1,230,14,30,44,6,false
PM3_2_13_2_0_480,U,MV-LV,3,100,100,13.2,0.480,0.0329,0.62,0.0278784,6,0,0.005,0.005,0.005,36975,990.93,0,0.1,230,14,30,44,14,false
PM3_3_13_2_0_480,U,MV-LV,3,150,150,13.2,0.480,0.0339,0.775,0.0248832,6,0,0.005,0.005,0.005,38625,1035.15,0,0.1,230,14,30,44,14,false
PM3_4_13_2_0_480,U,MV-LV,3,300,300,13.2,0.480,0.0376,0.975,0.0105216,6,0,0.005,0.005,0.005,47100,1262.28,0,0.1,230,14,30,44,28,false
PM3_5_13_2_0_480,U,MV-LV,3,500,500,13.2,0.480,0.0436,1.33,0.0050688,6,0,0.005,0.005,0.005,55875,1497.45,0,0.1,230,14,30,44,24,false
PM3_6_13_2_0_480,U,MV-LV,3,1000,1000,13.2,0.480,0.0562,2,0.0027648,2,0,0.005,0.005,0.005,69600,1865.28,0,0.1,230,14,30,44,10,false
PM3_6_13_2_0_480,U,MV-LV,3,1500,1500,13.2,0.480,0.0565,2.88,0.0016128,1,0,0.005,0.005,0.005,95000,2546,0,0.1,230,14,30,44,4,false
OH1_2_25_0_120,U,MV-LV,1,25,25,25,0.120,0.02,0.118,0.036864,10,0,0.005,0.005,0.005,3075,82.41,0,0.1,230,14,30,44,12,true
OH1_3_25_0_120,U,MV-LV,1,50,50,25,0.120,0.02,0.185,0.018432,12,0,0.005,0.005,0.005,4500,120.6,0,0.1,230,14,30,44,53,true
OH1_4_25_0_120,U,MV-LV,1,75,75,25,0.120,0.02,0.285,0.00768,12,0,0.005,0.005,0.005,6900,184.92,0,0.1,230,14,30,44,35,true
PM3_1_25_0_480,U,MV-LV,3,75,75,25,0.480,0.0324,0.45,0.0402432,6,0,0.005,0.005,0.005,35175,942.69,0,0.1,230,14,30,44,6,false
PM3_2_25_0_480,U,MV-LV,3,100,100,25,0.480,0.0329,0.62,0.0278784,6,0,0.005,0.005,0.005,36975,990.93,0,0.1,230,14,30,44,14,false
PM3_3_25_0_480,U,MV-LV,3,150,150,25,0.480,0.0339,0.775,0.0248832,6,0,0.005,0.005,0.005,38625,1035.15,0,0.1,230,14,30,44,14,false
PM3_4_25_0_480,U,MV-LV,3,300,300,25,0.480,0.0376,0.975,0.0105216,6,0,0.005,0.005,0.005,47100,1262.28,0,0.1,230,14,30,44,28,false
PM3_5_25_0_480,U,MV-LV,3,500,500,25,0.480,0.0436,1.33,0.0050688,6,0,0.005,0.005,0.005,55875,1497.45,0,0.1,230,14,30,44,24,false
PM3_6_25_0_480,U,MV-LV,3,1000,1000,25,0.480,0.0562,2,0.0027648,2,0,0.005,0.005,0.005,69600,1865.28,0,0.1,230,14,30,44,10,false
PM3_6_25_0_480,U,MV-LV,3,1500,1500,25,0.480,0.0565,2.88,0.0016128,1,0,0.005,0.005,0.005,95000,2546,0,0.1,230,14,30,44,4,false
END
</SUBSTATIONS AND DISTRIBUTION TRANSFORMERS>
<VOLTAGE REGULATORS>
# VOLTAGE REGULATORS DATA
#Voltage level,      Investment Cost (dollars),       Preventive maintenance cost (dollars),       Corrective maintenance cost (dollars), Failure rate minimum[failures / year],Useful life(years), Short circuit resistance (p.u. base), Short circuit reactance (p.u. base),Minimum tap(pu),Maximum tap (pu), Step
BT,1500,15.555,0,0.01,10,0,0.000004,0.9,1.1,0.01
MT,6000,62.22,0,0.01,10,0,0.000004,0.9,1.1,0.01
AT,60000,622.2,0,0.01,10,0,0.000004,0.9,1.1,0.01
</VOLTAGE REGULATORS>
<CAPACITORS>
# CATALOG OF CAPACITORS
# Name, number of phases, voltage, size (kVA), IncC,PMainC,CMainC
CAP3_300,3,12.47,300,484,12.9954,0
CAP3_450,3,12.47,450,629.2,16.89402,0
CAP3_600,3,12.47,600,774.4,20.79264,0
</CAPACITORS>
<SIMULTANEITY FACTORS>
LV Customers(default):,1
MV Customers:,1
HV Customers: ,1
LV Distributed Generation(default):,1
MV Distributed Generation:,1
HV Distributed Generation:,1
Distribution transformer (LV side): ,1
Distribution transformer (MV side): ,1
HV/MV Substations (MV side): ,1
HV/MV Substations (HV side): ,1
</SIMULTANEITY FACTORS>
<SIMULTANEITY FACTORS_CBT_FORM1>
END
</SIMULTANEITY FACTORS_CBT_FORM1>
<CAPITALS>
END
</CAPITALS>
