Node_A,Node_B,
26956ab1-6006-410f-8761-8c5336af7478_0  ,26956ab1-6006-410f-8761-8c5336af7478_1  ,
26956ab1-6006-410f-8761-8c5336af7478_0  ,79f54743-f060-4b70-b111-00fa146c9ed1_28 ,
79f54743-f060-4b70-b111-00fa146c9ed1_28 ,79f54743-f060-4b70-b111-00fa146c9ed1_27 ,
bb98d362-6e28-4968-9ca5-67f1c3232f10_0  ,bb98d362-6e28-4968-9ca5-67f1c3232f10_1  ,
a23de270-6f78-4b8c-a94f-c33066027738_0  ,26956ab1-6006-410f-8761-8c5336af7478_64 ,
26956ab1-6006-410f-8761-8c5336af7478_64 ,26956ab1-6006-410f-8761-8c5336af7478_63 ,
edb9ec8c-1c0d-4127-bbb5-74c4694c5dfc_0  ,edb9ec8c-1c0d-4127-bbb5-74c4694c5dfc_1  ,
edb9ec8c-1c0d-4127-bbb5-74c4694c5dfc_0  ,a23de270-6f78-4b8c-a94f-c33066027738_27 ,
a23de270-6f78-4b8c-a94f-c33066027738_27 ,a23de270-6f78-4b8c-a94f-c33066027738_26 ,
bb98d362-6e28-4968-9ca5-67f1c3232f10_29 ,bb98d362-6e28-4968-9ca5-67f1c3232f10_28 ,
79f54743-f060-4b70-b111-00fa146c9ed1_0  ,79f54743-f060-4b70-b111-00fa146c9ed1_1  ,
79f54743-f060-4b70-b111-00fa146c9ed1_0  ,edb9ec8c-1c0d-4127-bbb5-74c4694c5dfc_65 ,
edb9ec8c-1c0d-4127-bbb5-74c4694c5dfc_65 ,edb9ec8c-1c0d-4127-bbb5-74c4694c5dfc_64 ,
46d5a837-c737-4ccc-bcd6-9ed019a559e5_0  ,46d5a837-c737-4ccc-bcd6-9ed019a559e5_1  ,
26956ab1-6006-410f-8761-8c5336af7478_1  ,26956ab1-6006-410f-8761-8c5336af7478_2  ,
79f54743-f060-4b70-b111-00fa146c9ed1_27 ,26956ab1-6006-410f-8761-8c5336af7478_2  ,
79f54743-f060-4b70-b111-00fa146c9ed1_27 ,26956ab1-6006-410f-8761-8c5336af7478_3  ,
26956ab1-6006-410f-8761-8c5336af7478_4  ,26956ab1-6006-410f-8761-8c5336af7478_3  ,
26956ab1-6006-410f-8761-8c5336af7478_4  ,26956ab1-6006-410f-8761-8c5336af7478_5  ,
26956ab1-6006-410f-8761-8c5336af7478_5  ,26956ab1-6006-410f-8761-8c5336af7478_6  ,
26956ab1-6006-410f-8761-8c5336af7478_6  ,26956ab1-6006-410f-8761-8c5336af7478_7  ,
26956ab1-6006-410f-8761-8c5336af7478_7  ,26956ab1-6006-410f-8761-8c5336af7478_8  ,
26956ab1-6006-410f-8761-8c5336af7478_8  ,26956ab1-6006-410f-8761-8c5336af7478_9  ,
26956ab1-6006-410f-8761-8c5336af7478_9  ,26956ab1-6006-410f-8761-8c5336af7478_10 ,
26956ab1-6006-410f-8761-8c5336af7478_10 ,26956ab1-6006-410f-8761-8c5336af7478_11 ,
26956ab1-6006-410f-8761-8c5336af7478_11 ,26956ab1-6006-410f-8761-8c5336af7478_12 ,
316f45e4-c14a-44ee-b92f-b5521aa1a86b_11 ,26956ab1-6006-410f-8761-8c5336af7478_12 ,
316f45e4-c14a-44ee-b92f-b5521aa1a86b_11 ,26956ab1-6006-410f-8761-8c5336af7478_13 ,
316f45e4-c14a-44ee-b92f-b5521aa1a86b_11 ,316f45e4-c14a-44ee-b92f-b5521aa1a86b_10 ,
316f45e4-c14a-44ee-b92f-b5521aa1a86b_11 ,26956ab1-6006-410f-8761-8c5336af7478_14 ,
316f45e4-c14a-44ee-b92f-b5521aa1a86b_11 ,26956ab1-6006-410f-8761-8c5336af7478_15 ,
26956ab1-6006-410f-8761-8c5336af7478_19 ,26956ab1-6006-410f-8761-8c5336af7478_18 ,
26956ab1-6006-410f-8761-8c5336af7478_19 ,26956ab1-6006-410f-8761-8c5336af7478_20 ,
26956ab1-6006-410f-8761-8c5336af7478_20 ,26956ab1-6006-410f-8761-8c5336af7478_21 ,
26956ab1-6006-410f-8761-8c5336af7478_21 ,26956ab1-6006-410f-8761-8c5336af7478_22 ,
26956ab1-6006-410f-8761-8c5336af7478_22 ,26956ab1-6006-410f-8761-8c5336af7478_23 ,
26956ab1-6006-410f-8761-8c5336af7478_23 ,26956ab1-6006-410f-8761-8c5336af7478_24 ,
26956ab1-6006-410f-8761-8c5336af7478_24 ,26956ab1-6006-410f-8761-8c5336af7478_25 ,
26956ab1-6006-410f-8761-8c5336af7478_25 ,26956ab1-6006-410f-8761-8c5336af7478_26 ,
26956ab1-6006-410f-8761-8c5336af7478_26 ,26956ab1-6006-410f-8761-8c5336af7478_27 ,
26956ab1-6006-410f-8761-8c5336af7478_27 ,26956ab1-6006-410f-8761-8c5336af7478_28 ,
26956ab1-6006-410f-8761-8c5336af7478_28 ,26956ab1-6006-410f-8761-8c5336af7478_29 ,
26956ab1-6006-410f-8761-8c5336af7478_29 ,26956ab1-6006-410f-8761-8c5336af7478_30 ,
26956ab1-6006-410f-8761-8c5336af7478_30 ,26956ab1-6006-410f-8761-8c5336af7478_31 ,
26956ab1-6006-410f-8761-8c5336af7478_31 ,26956ab1-6006-410f-8761-8c5336af7478_32 ,
26956ab1-6006-410f-8761-8c5336af7478_32 ,26956ab1-6006-410f-8761-8c5336af7478_33 ,
26956ab1-6006-410f-8761-8c5336af7478_33 ,26956ab1-6006-410f-8761-8c5336af7478_34 ,
26956ab1-6006-410f-8761-8c5336af7478_34 ,26956ab1-6006-410f-8761-8c5336af7478_35 ,
26956ab1-6006-410f-8761-8c5336af7478_35 ,26956ab1-6006-410f-8761-8c5336af7478_36 ,
26956ab1-6006-410f-8761-8c5336af7478_36 ,26956ab1-6006-410f-8761-8c5336af7478_37 ,
26956ab1-6006-410f-8761-8c5336af7478_37 ,26956ab1-6006-410f-8761-8c5336af7478_38 ,
26956ab1-6006-410f-8761-8c5336af7478_38 ,26956ab1-6006-410f-8761-8c5336af7478_39 ,
26956ab1-6006-410f-8761-8c5336af7478_39 ,26956ab1-6006-410f-8761-8c5336af7478_40 ,
26956ab1-6006-410f-8761-8c5336af7478_40 ,26956ab1-6006-410f-8761-8c5336af7478_41 ,
26956ab1-6006-410f-8761-8c5336af7478_41 ,26956ab1-6006-410f-8761-8c5336af7478_42 ,
bb98d362-6e28-4968-9ca5-67f1c3232f10_1  ,bb98d362-6e28-4968-9ca5-67f1c3232f10_2  ,
26956ab1-6006-410f-8761-8c5336af7478_46 ,26956ab1-6006-410f-8761-8c5336af7478_45 ,
26956ab1-6006-410f-8761-8c5336af7478_46 ,26956ab1-6006-410f-8761-8c5336af7478_47 ,
26956ab1-6006-410f-8761-8c5336af7478_47 ,26956ab1-6006-410f-8761-8c5336af7478_48 ,
26956ab1-6006-410f-8761-8c5336af7478_48 ,26956ab1-6006-410f-8761-8c5336af7478_49 ,
26956ab1-6006-410f-8761-8c5336af7478_49 ,26956ab1-6006-410f-8761-8c5336af7478_50 ,
26956ab1-6006-410f-8761-8c5336af7478_50 ,26956ab1-6006-410f-8761-8c5336af7478_51 ,
26956ab1-6006-410f-8761-8c5336af7478_51 ,26956ab1-6006-410f-8761-8c5336af7478_52 ,
26956ab1-6006-410f-8761-8c5336af7478_52 ,26956ab1-6006-410f-8761-8c5336af7478_53 ,
26956ab1-6006-410f-8761-8c5336af7478_53 ,26956ab1-6006-410f-8761-8c5336af7478_54 ,
26956ab1-6006-410f-8761-8c5336af7478_54 ,26956ab1-6006-410f-8761-8c5336af7478_55 ,
26956ab1-6006-410f-8761-8c5336af7478_55 ,26956ab1-6006-410f-8761-8c5336af7478_56 ,
26956ab1-6006-410f-8761-8c5336af7478_56 ,26956ab1-6006-410f-8761-8c5336af7478_57 ,
26956ab1-6006-410f-8761-8c5336af7478_57 ,26956ab1-6006-410f-8761-8c5336af7478_58 ,
26956ab1-6006-410f-8761-8c5336af7478_58 ,26956ab1-6006-410f-8761-8c5336af7478_59 ,
26956ab1-6006-410f-8761-8c5336af7478_59 ,26956ab1-6006-410f-8761-8c5336af7478_60 ,
26956ab1-6006-410f-8761-8c5336af7478_60 ,26956ab1-6006-410f-8761-8c5336af7478_61 ,
26956ab1-6006-410f-8761-8c5336af7478_61 ,26956ab1-6006-410f-8761-8c5336af7478_62 ,
26956ab1-6006-410f-8761-8c5336af7478_62 ,a23de270-6f78-4b8c-a94f-c33066027738_1  ,
a23de270-6f78-4b8c-a94f-c33066027738_1  ,26956ab1-6006-410f-8761-8c5336af7478_63 ,
a23de270-6f78-4b8c-a94f-c33066027738_2  ,a23de270-6f78-4b8c-a94f-c33066027738_3  ,
a23de270-6f78-4b8c-a94f-c33066027738_3  ,a23de270-6f78-4b8c-a94f-c33066027738_4  ,
a23de270-6f78-4b8c-a94f-c33066027738_4  ,a23de270-6f78-4b8c-a94f-c33066027738_5  ,
a23de270-6f78-4b8c-a94f-c33066027738_5  ,a23de270-6f78-4b8c-a94f-c33066027738_6  ,
a23de270-6f78-4b8c-a94f-c33066027738_6  ,a23de270-6f78-4b8c-a94f-c33066027738_7  ,
46d5a837-c737-4ccc-bcd6-9ed019a559e5_65 ,46d5a837-c737-4ccc-bcd6-9ed019a559e5_64 ,
a23de270-6f78-4b8c-a94f-c33066027738_17 ,a23de270-6f78-4b8c-a94f-c33066027738_16 ,
a23de270-6f78-4b8c-a94f-c33066027738_17 ,a23de270-6f78-4b8c-a94f-c33066027738_18 ,
a23de270-6f78-4b8c-a94f-c33066027738_18 ,a23de270-6f78-4b8c-a94f-c33066027738_19 ,
a23de270-6f78-4b8c-a94f-c33066027738_19 ,a23de270-6f78-4b8c-a94f-c33066027738_20 ,
a23de270-6f78-4b8c-a94f-c33066027738_20 ,a23de270-6f78-4b8c-a94f-c33066027738_21 ,
a23de270-6f78-4b8c-a94f-c33066027738_21 ,a23de270-6f78-4b8c-a94f-c33066027738_22 ,
a23de270-6f78-4b8c-a94f-c33066027738_22 ,a23de270-6f78-4b8c-a94f-c33066027738_23 ,
a23de270-6f78-4b8c-a94f-c33066027738_23 ,a23de270-6f78-4b8c-a94f-c33066027738_24 ,
a23de270-6f78-4b8c-a94f-c33066027738_26 ,a23de270-6f78-4b8c-a94f-c33066027738_25 ,
edb9ec8c-1c0d-4127-bbb5-74c4694c5dfc_4  ,edb9ec8c-1c0d-4127-bbb5-74c4694c5dfc_3  ,
a23de270-6f78-4b8c-a94f-c33066027738_24 ,edb9ec8c-1c0d-4127-bbb5-74c4694c5dfc_2  ,
edb9ec8c-1c0d-4127-bbb5-74c4694c5dfc_2  ,a23de270-6f78-4b8c-a94f-c33066027738_25 ,
edb9ec8c-1c0d-4127-bbb5-74c4694c5dfc_4  ,edb9ec8c-1c0d-4127-bbb5-74c4694c5dfc_5  ,
edb9ec8c-1c0d-4127-bbb5-74c4694c5dfc_5  ,edb9ec8c-1c0d-4127-bbb5-74c4694c5dfc_6  ,
edb9ec8c-1c0d-4127-bbb5-74c4694c5dfc_6  ,edb9ec8c-1c0d-4127-bbb5-74c4694c5dfc_7  ,
edb9ec8c-1c0d-4127-bbb5-74c4694c5dfc_7  ,edb9ec8c-1c0d-4127-bbb5-74c4694c5dfc_8  ,
edb9ec8c-1c0d-4127-bbb5-74c4694c5dfc_8  ,edb9ec8c-1c0d-4127-bbb5-74c4694c5dfc_9  ,
edb9ec8c-1c0d-4127-bbb5-74c4694c5dfc_9  ,edb9ec8c-1c0d-4127-bbb5-74c4694c5dfc_10 ,
edb9ec8c-1c0d-4127-bbb5-74c4694c5dfc_10 ,edb9ec8c-1c0d-4127-bbb5-74c4694c5dfc_11 ,
edb9ec8c-1c0d-4127-bbb5-74c4694c5dfc_11 ,edb9ec8c-1c0d-4127-bbb5-74c4694c5dfc_12 ,
edb9ec8c-1c0d-4127-bbb5-74c4694c5dfc_12 ,edb9ec8c-1c0d-4127-bbb5-74c4694c5dfc_13 ,
edb9ec8c-1c0d-4127-bbb5-74c4694c5dfc_13 ,edb9ec8c-1c0d-4127-bbb5-74c4694c5dfc_14 ,
edb9ec8c-1c0d-4127-bbb5-74c4694c5dfc_14 ,edb9ec8c-1c0d-4127-bbb5-74c4694c5dfc_15 ,
edb9ec8c-1c0d-4127-bbb5-74c4694c5dfc_15 ,edb9ec8c-1c0d-4127-bbb5-74c4694c5dfc_16 ,
edb9ec8c-1c0d-4127-bbb5-74c4694c5dfc_16 ,edb9ec8c-1c0d-4127-bbb5-74c4694c5dfc_17 ,
edb9ec8c-1c0d-4127-bbb5-74c4694c5dfc_17 ,edb9ec8c-1c0d-4127-bbb5-74c4694c5dfc_18 ,
edb9ec8c-1c0d-4127-bbb5-74c4694c5dfc_18 ,edb9ec8c-1c0d-4127-bbb5-74c4694c5dfc_19 ,
edb9ec8c-1c0d-4127-bbb5-74c4694c5dfc_19 ,edb9ec8c-1c0d-4127-bbb5-74c4694c5dfc_20 ,
bb98d362-6e28-4968-9ca5-67f1c3232f10_28 ,bb98d362-6e28-4968-9ca5-67f1c3232f10_27 ,
edb9ec8c-1c0d-4127-bbb5-74c4694c5dfc_23 ,edb9ec8c-1c0d-4127-bbb5-74c4694c5dfc_22 ,
edb9ec8c-1c0d-4127-bbb5-74c4694c5dfc_23 ,edb9ec8c-1c0d-4127-bbb5-74c4694c5dfc_24 ,
edb9ec8c-1c0d-4127-bbb5-74c4694c5dfc_24 ,edb9ec8c-1c0d-4127-bbb5-74c4694c5dfc_25 ,
edb9ec8c-1c0d-4127-bbb5-74c4694c5dfc_25 ,edb9ec8c-1c0d-4127-bbb5-74c4694c5dfc_26 ,
edb9ec8c-1c0d-4127-bbb5-74c4694c5dfc_26 ,edb9ec8c-1c0d-4127-bbb5-74c4694c5dfc_27 ,
edb9ec8c-1c0d-4127-bbb5-74c4694c5dfc_27 ,edb9ec8c-1c0d-4127-bbb5-74c4694c5dfc_28 ,
edb9ec8c-1c0d-4127-bbb5-74c4694c5dfc_28 ,edb9ec8c-1c0d-4127-bbb5-74c4694c5dfc_29 ,
edb9ec8c-1c0d-4127-bbb5-74c4694c5dfc_29 ,edb9ec8c-1c0d-4127-bbb5-74c4694c5dfc_30 ,
edb9ec8c-1c0d-4127-bbb5-74c4694c5dfc_30 ,edb9ec8c-1c0d-4127-bbb5-74c4694c5dfc_31 ,
edb9ec8c-1c0d-4127-bbb5-74c4694c5dfc_31 ,edb9ec8c-1c0d-4127-bbb5-74c4694c5dfc_32 ,
edb9ec8c-1c0d-4127-bbb5-74c4694c5dfc_32 ,edb9ec8c-1c0d-4127-bbb5-74c4694c5dfc_33 ,
edb9ec8c-1c0d-4127-bbb5-74c4694c5dfc_33 ,edb9ec8c-1c0d-4127-bbb5-74c4694c5dfc_34 ,
edb9ec8c-1c0d-4127-bbb5-74c4694c5dfc_34 ,edb9ec8c-1c0d-4127-bbb5-74c4694c5dfc_35 ,
edb9ec8c-1c0d-4127-bbb5-74c4694c5dfc_35 ,edb9ec8c-1c0d-4127-bbb5-74c4694c5dfc_36 ,
97b60c2e-f4d8-4375-9636-fb3622f4d746_15 ,edb9ec8c-1c0d-4127-bbb5-74c4694c5dfc_41 ,
97b60c2e-f4d8-4375-9636-fb3622f4d746_15 ,edb9ec8c-1c0d-4127-bbb5-74c4694c5dfc_42 ,
edb9ec8c-1c0d-4127-bbb5-74c4694c5dfc_49 ,edb9ec8c-1c0d-4127-bbb5-74c4694c5dfc_48 ,
edb9ec8c-1c0d-4127-bbb5-74c4694c5dfc_49 ,edb9ec8c-1c0d-4127-bbb5-74c4694c5dfc_50 ,
edb9ec8c-1c0d-4127-bbb5-74c4694c5dfc_50 ,edb9ec8c-1c0d-4127-bbb5-74c4694c5dfc_51 ,
edb9ec8c-1c0d-4127-bbb5-74c4694c5dfc_51 ,edb9ec8c-1c0d-4127-bbb5-74c4694c5dfc_52 ,
edb9ec8c-1c0d-4127-bbb5-74c4694c5dfc_52 ,edb9ec8c-1c0d-4127-bbb5-74c4694c5dfc_53 ,
edb9ec8c-1c0d-4127-bbb5-74c4694c5dfc_53 ,edb9ec8c-1c0d-4127-bbb5-74c4694c5dfc_54 ,
edb9ec8c-1c0d-4127-bbb5-74c4694c5dfc_54 ,edb9ec8c-1c0d-4127-bbb5-74c4694c5dfc_55 ,
edb9ec8c-1c0d-4127-bbb5-74c4694c5dfc_55 ,edb9ec8c-1c0d-4127-bbb5-74c4694c5dfc_56 ,
edb9ec8c-1c0d-4127-bbb5-74c4694c5dfc_56 ,edb9ec8c-1c0d-4127-bbb5-74c4694c5dfc_57 ,
edb9ec8c-1c0d-4127-bbb5-74c4694c5dfc_57 ,edb9ec8c-1c0d-4127-bbb5-74c4694c5dfc_58 ,
edb9ec8c-1c0d-4127-bbb5-74c4694c5dfc_58 ,edb9ec8c-1c0d-4127-bbb5-74c4694c5dfc_59 ,
edb9ec8c-1c0d-4127-bbb5-74c4694c5dfc_59 ,edb9ec8c-1c0d-4127-bbb5-74c4694c5dfc_60 ,
edb9ec8c-1c0d-4127-bbb5-74c4694c5dfc_60 ,edb9ec8c-1c0d-4127-bbb5-74c4694c5dfc_61 ,
edb9ec8c-1c0d-4127-bbb5-74c4694c5dfc_61 ,edb9ec8c-1c0d-4127-bbb5-74c4694c5dfc_62 ,
79f54743-f060-4b70-b111-00fa146c9ed1_1  ,edb9ec8c-1c0d-4127-bbb5-74c4694c5dfc_62 ,
79f54743-f060-4b70-b111-00fa146c9ed1_1  ,edb9ec8c-1c0d-4127-bbb5-74c4694c5dfc_63 ,
edb9ec8c-1c0d-4127-bbb5-74c4694c5dfc_63 ,79f54743-f060-4b70-b111-00fa146c9ed1_2  ,
edb9ec8c-1c0d-4127-bbb5-74c4694c5dfc_63 ,edb9ec8c-1c0d-4127-bbb5-74c4694c5dfc_64 ,
79f54743-f060-4b70-b111-00fa146c9ed1_4  ,79f54743-f060-4b70-b111-00fa146c9ed1_3  ,
79f54743-f060-4b70-b111-00fa146c9ed1_3  ,79f54743-f060-4b70-b111-00fa146c9ed1_2  ,
79f54743-f060-4b70-b111-00fa146c9ed1_2  ,edb9ec8c-1c0d-4127-bbb5-74c4694c5dfc_62 ,
79f54743-f060-4b70-b111-00fa146c9ed1_4  ,79f54743-f060-4b70-b111-00fa146c9ed1_5  ,
79f54743-f060-4b70-b111-00fa146c9ed1_5  ,79f54743-f060-4b70-b111-00fa146c9ed1_6  ,
79f54743-f060-4b70-b111-00fa146c9ed1_6  ,79f54743-f060-4b70-b111-00fa146c9ed1_7  ,
79f54743-f060-4b70-b111-00fa146c9ed1_7  ,79f54743-f060-4b70-b111-00fa146c9ed1_8  ,
79f54743-f060-4b70-b111-00fa146c9ed1_8  ,79f54743-f060-4b70-b111-00fa146c9ed1_9  ,
79f54743-f060-4b70-b111-00fa146c9ed1_9  ,79f54743-f060-4b70-b111-00fa146c9ed1_10 ,
79f54743-f060-4b70-b111-00fa146c9ed1_10 ,79f54743-f060-4b70-b111-00fa146c9ed1_11 ,
79f54743-f060-4b70-b111-00fa146c9ed1_11 ,79f54743-f060-4b70-b111-00fa146c9ed1_12 ,
79f54743-f060-4b70-b111-00fa146c9ed1_12 ,79f54743-f060-4b70-b111-00fa146c9ed1_13 ,
79f54743-f060-4b70-b111-00fa146c9ed1_13 ,79f54743-f060-4b70-b111-00fa146c9ed1_14 ,
46d5a837-c737-4ccc-bcd6-9ed019a559e5_1  ,46d5a837-c737-4ccc-bcd6-9ed019a559e5_2  ,
79f54743-f060-4b70-b111-00fa146c9ed1_18 ,79f54743-f060-4b70-b111-00fa146c9ed1_17 ,
79f54743-f060-4b70-b111-00fa146c9ed1_18 ,79f54743-f060-4b70-b111-00fa146c9ed1_19 ,
79f54743-f060-4b70-b111-00fa146c9ed1_19 ,79f54743-f060-4b70-b111-00fa146c9ed1_20 ,
79f54743-f060-4b70-b111-00fa146c9ed1_20 ,79f54743-f060-4b70-b111-00fa146c9ed1_21 ,
46d5a837-c737-4ccc-bcd6-9ed019a559e5_8  ,46d5a837-c737-4ccc-bcd6-9ed019a559e5_7  ,
46d5a837-c737-4ccc-bcd6-9ed019a559e5_7  ,46d5a837-c737-4ccc-bcd6-9ed019a559e5_6  ,
46d5a837-c737-4ccc-bcd6-9ed019a559e5_6  ,46d5a837-c737-4ccc-bcd6-9ed019a559e5_5  ,
46d5a837-c737-4ccc-bcd6-9ed019a559e5_5  ,46d5a837-c737-4ccc-bcd6-9ed019a559e5_4  ,
79f54743-f060-4b70-b111-00fa146c9ed1_14 ,79f54743-f060-4b70-b111-00fa146c9ed1_15 ,
46d5a837-c737-4ccc-bcd6-9ed019a559e5_2  ,79f54743-f060-4b70-b111-00fa146c9ed1_15 ,
46d5a837-c737-4ccc-bcd6-9ed019a559e5_2  ,79f54743-f060-4b70-b111-00fa146c9ed1_16 ,
79f54743-f060-4b70-b111-00fa146c9ed1_17 ,79f54743-f060-4b70-b111-00fa146c9ed1_16 ,
46d5a837-c737-4ccc-bcd6-9ed019a559e5_4  ,79f54743-f060-4b70-b111-00fa146c9ed1_16 ,
46d5a837-c737-4ccc-bcd6-9ed019a559e5_4  ,79f54743-f060-4b70-b111-00fa146c9ed1_15 ,
79f54743-f060-4b70-b111-00fa146c9ed1_15 ,79f54743-f060-4b70-b111-00fa146c9ed1_16 ,
46d5a837-c737-4ccc-bcd6-9ed019a559e5_8  ,46d5a837-c737-4ccc-bcd6-9ed019a559e5_9  ,
46d5a837-c737-4ccc-bcd6-9ed019a559e5_9  ,46d5a837-c737-4ccc-bcd6-9ed019a559e5_10 ,
316f45e4-c14a-44ee-b92f-b5521aa1a86b_6  ,316f45e4-c14a-44ee-b92f-b5521aa1a86b_5  ,
316f45e4-c14a-44ee-b92f-b5521aa1a86b_5  ,316f45e4-c14a-44ee-b92f-b5521aa1a86b_4  ,
46d5a837-c737-4ccc-bcd6-9ed019a559e5_19 ,46d5a837-c737-4ccc-bcd6-9ed019a559e5_18 ,
46d5a837-c737-4ccc-bcd6-9ed019a559e5_19 ,46d5a837-c737-4ccc-bcd6-9ed019a559e5_20 ,
46d5a837-c737-4ccc-bcd6-9ed019a559e5_20 ,46d5a837-c737-4ccc-bcd6-9ed019a559e5_21 ,
46d5a837-c737-4ccc-bcd6-9ed019a559e5_21 ,46d5a837-c737-4ccc-bcd6-9ed019a559e5_22 ,
46d5a837-c737-4ccc-bcd6-9ed019a559e5_22 ,46d5a837-c737-4ccc-bcd6-9ed019a559e5_23 ,
46d5a837-c737-4ccc-bcd6-9ed019a559e5_22 ,97b60c2e-f4d8-4375-9636-fb3622f4d746_0  ,
97b60c2e-f4d8-4375-9636-fb3622f4d746_0  ,46d5a837-c737-4ccc-bcd6-9ed019a559e5_23 ,
97b60c2e-f4d8-4375-9636-fb3622f4d746_0  ,97b60c2e-f4d8-4375-9636-fb3622f4d746_1  ,
97b60c2e-f4d8-4375-9636-fb3622f4d746_0  ,46d5a837-c737-4ccc-bcd6-9ed019a559e5_24 ,
97b60c2e-f4d8-4375-9636-fb3622f4d746_0  ,46d5a837-c737-4ccc-bcd6-9ed019a559e5_25 ,
46d5a837-c737-4ccc-bcd6-9ed019a559e5_25 ,46d5a837-c737-4ccc-bcd6-9ed019a559e5_24 ,
46d5a837-c737-4ccc-bcd6-9ed019a559e5_25 ,46d5a837-c737-4ccc-bcd6-9ed019a559e5_26 ,
46d5a837-c737-4ccc-bcd6-9ed019a559e5_26 ,46d5a837-c737-4ccc-bcd6-9ed019a559e5_27 ,
46d5a837-c737-4ccc-bcd6-9ed019a559e5_27 ,46d5a837-c737-4ccc-bcd6-9ed019a559e5_28 ,
46d5a837-c737-4ccc-bcd6-9ed019a559e5_28 ,46d5a837-c737-4ccc-bcd6-9ed019a559e5_29 ,
46d5a837-c737-4ccc-bcd6-9ed019a559e5_29 ,46d5a837-c737-4ccc-bcd6-9ed019a559e5_30 ,
97b60c2e-f4d8-4375-9636-fb3622f4d746_7  ,97b60c2e-f4d8-4375-9636-fb3622f4d746_6  ,
46d5a837-c737-4ccc-bcd6-9ed019a559e5_17 ,46d5a837-c737-4ccc-bcd6-9ed019a559e5_18 ,
46d5a837-c737-4ccc-bcd6-9ed019a559e5_17 ,46d5a837-c737-4ccc-bcd6-9ed019a559e5_16 ,
46d5a837-c737-4ccc-bcd6-9ed019a559e5_16 ,46d5a837-c737-4ccc-bcd6-9ed019a559e5_15 ,
316f45e4-c14a-44ee-b92f-b5521aa1a86b_0  ,46d5a837-c737-4ccc-bcd6-9ed019a559e5_15 ,
316f45e4-c14a-44ee-b92f-b5521aa1a86b_0  ,46d5a837-c737-4ccc-bcd6-9ed019a559e5_14 ,
46d5a837-c737-4ccc-bcd6-9ed019a559e5_12 ,46d5a837-c737-4ccc-bcd6-9ed019a559e5_13 ,
46d5a837-c737-4ccc-bcd6-9ed019a559e5_12 ,46d5a837-c737-4ccc-bcd6-9ed019a559e5_11 ,
46d5a837-c737-4ccc-bcd6-9ed019a559e5_11 ,46d5a837-c737-4ccc-bcd6-9ed019a559e5_10 ,
316f45e4-c14a-44ee-b92f-b5521aa1a86b_4  ,316f45e4-c14a-44ee-b92f-b5521aa1a86b_3  ,
316f45e4-c14a-44ee-b92f-b5521aa1a86b_3  ,316f45e4-c14a-44ee-b92f-b5521aa1a86b_2  ,
316f45e4-c14a-44ee-b92f-b5521aa1a86b_2  ,316f45e4-c14a-44ee-b92f-b5521aa1a86b_1  ,
46d5a837-c737-4ccc-bcd6-9ed019a559e5_15 ,316f45e4-c14a-44ee-b92f-b5521aa1a86b_1  ,
46d5a837-c737-4ccc-bcd6-9ed019a559e5_14 ,316f45e4-c14a-44ee-b92f-b5521aa1a86b_1  ,
46d5a837-c737-4ccc-bcd6-9ed019a559e5_14 ,46d5a837-c737-4ccc-bcd6-9ed019a559e5_13 ,
97b60c2e-f4d8-4375-9636-fb3622f4d746_5  ,97b60c2e-f4d8-4375-9636-fb3622f4d746_6  ,
97b60c2e-f4d8-4375-9636-fb3622f4d746_5  ,97b60c2e-f4d8-4375-9636-fb3622f4d746_4  ,
97b60c2e-f4d8-4375-9636-fb3622f4d746_4  ,97b60c2e-f4d8-4375-9636-fb3622f4d746_3  ,
97b60c2e-f4d8-4375-9636-fb3622f4d746_3  ,97b60c2e-f4d8-4375-9636-fb3622f4d746_2  ,
97b60c2e-f4d8-4375-9636-fb3622f4d746_2  ,97b60c2e-f4d8-4375-9636-fb3622f4d746_1  ,
97b60c2e-f4d8-4375-9636-fb3622f4d746_1  ,46d5a837-c737-4ccc-bcd6-9ed019a559e5_24 ,
97b60c2e-f4d8-4375-9636-fb3622f4d746_1  ,46d5a837-c737-4ccc-bcd6-9ed019a559e5_23 ,
97b60c2e-f4d8-4375-9636-fb3622f4d746_7  ,97b60c2e-f4d8-4375-9636-fb3622f4d746_8  ,
97b60c2e-f4d8-4375-9636-fb3622f4d746_8  ,97b60c2e-f4d8-4375-9636-fb3622f4d746_9  ,
edb9ec8c-1c0d-4127-bbb5-74c4694c5dfc_36 ,edb9ec8c-1c0d-4127-bbb5-74c4694c5dfc_37 ,
edb9ec8c-1c0d-4127-bbb5-74c4694c5dfc_37 ,edb9ec8c-1c0d-4127-bbb5-74c4694c5dfc_38 ,
edb9ec8c-1c0d-4127-bbb5-74c4694c5dfc_38 ,edb9ec8c-1c0d-4127-bbb5-74c4694c5dfc_39 ,
edb9ec8c-1c0d-4127-bbb5-74c4694c5dfc_39 ,edb9ec8c-1c0d-4127-bbb5-74c4694c5dfc_40 ,
edb9ec8c-1c0d-4127-bbb5-74c4694c5dfc_40 ,edb9ec8c-1c0d-4127-bbb5-74c4694c5dfc_41 ,
edb9ec8c-1c0d-4127-bbb5-74c4694c5dfc_41 ,97b60c2e-f4d8-4375-9636-fb3622f4d746_13 ,
edb9ec8c-1c0d-4127-bbb5-74c4694c5dfc_42 ,97b60c2e-f4d8-4375-9636-fb3622f4d746_13 ,
edb9ec8c-1c0d-4127-bbb5-74c4694c5dfc_42 ,edb9ec8c-1c0d-4127-bbb5-74c4694c5dfc_43 ,
edb9ec8c-1c0d-4127-bbb5-74c4694c5dfc_43 ,edb9ec8c-1c0d-4127-bbb5-74c4694c5dfc_44 ,
edb9ec8c-1c0d-4127-bbb5-74c4694c5dfc_44 ,edb9ec8c-1c0d-4127-bbb5-74c4694c5dfc_45 ,
edb9ec8c-1c0d-4127-bbb5-74c4694c5dfc_45 ,edb9ec8c-1c0d-4127-bbb5-74c4694c5dfc_46 ,
edb9ec8c-1c0d-4127-bbb5-74c4694c5dfc_46 ,edb9ec8c-1c0d-4127-bbb5-74c4694c5dfc_47 ,
97b60c2e-f4d8-4375-9636-fb3622f4d746_9  ,97b60c2e-f4d8-4375-9636-fb3622f4d746_10 ,
97b60c2e-f4d8-4375-9636-fb3622f4d746_10 ,97b60c2e-f4d8-4375-9636-fb3622f4d746_11 ,
97b60c2e-f4d8-4375-9636-fb3622f4d746_11 ,97b60c2e-f4d8-4375-9636-fb3622f4d746_12 ,
97b60c2e-f4d8-4375-9636-fb3622f4d746_12 ,97b60c2e-f4d8-4375-9636-fb3622f4d746_13 ,
edb9ec8c-1c0d-4127-bbb5-74c4694c5dfc_47 ,edb9ec8c-1c0d-4127-bbb5-74c4694c5dfc_48 ,
46d5a837-c737-4ccc-bcd6-9ed019a559e5_30 ,46d5a837-c737-4ccc-bcd6-9ed019a559e5_31 ,
46d5a837-c737-4ccc-bcd6-9ed019a559e5_31 ,46d5a837-c737-4ccc-bcd6-9ed019a559e5_32 ,
46d5a837-c737-4ccc-bcd6-9ed019a559e5_32 ,46d5a837-c737-4ccc-bcd6-9ed019a559e5_33 ,
46d5a837-c737-4ccc-bcd6-9ed019a559e5_33 ,46d5a837-c737-4ccc-bcd6-9ed019a559e5_34 ,
46d5a837-c737-4ccc-bcd6-9ed019a559e5_34 ,46d5a837-c737-4ccc-bcd6-9ed019a559e5_35 ,
46d5a837-c737-4ccc-bcd6-9ed019a559e5_35 ,46d5a837-c737-4ccc-bcd6-9ed019a559e5_36 ,
46d5a837-c737-4ccc-bcd6-9ed019a559e5_36 ,46d5a837-c737-4ccc-bcd6-9ed019a559e5_37 ,
46d5a837-c737-4ccc-bcd6-9ed019a559e5_37 ,46d5a837-c737-4ccc-bcd6-9ed019a559e5_38 ,
46d5a837-c737-4ccc-bcd6-9ed019a559e5_38 ,46d5a837-c737-4ccc-bcd6-9ed019a559e5_39 ,
46d5a837-c737-4ccc-bcd6-9ed019a559e5_39 ,46d5a837-c737-4ccc-bcd6-9ed019a559e5_40 ,
bb98d362-6e28-4968-9ca5-67f1c3232f10_8  ,bb98d362-6e28-4968-9ca5-67f1c3232f10_9  ,
46d5a837-c737-4ccc-bcd6-9ed019a559e5_49 ,46d5a837-c737-4ccc-bcd6-9ed019a559e5_48 ,
46d5a837-c737-4ccc-bcd6-9ed019a559e5_49 ,46d5a837-c737-4ccc-bcd6-9ed019a559e5_50 ,
46d5a837-c737-4ccc-bcd6-9ed019a559e5_50 ,46d5a837-c737-4ccc-bcd6-9ed019a559e5_51 ,
bb98d362-6e28-4968-9ca5-67f1c3232f10_20 ,bb98d362-6e28-4968-9ca5-67f1c3232f10_19 ,
bb98d362-6e28-4968-9ca5-67f1c3232f10_19 ,bb98d362-6e28-4968-9ca5-67f1c3232f10_18 ,
bb98d362-6e28-4968-9ca5-67f1c3232f10_18 ,bb98d362-6e28-4968-9ca5-67f1c3232f10_17 ,
46d5a837-c737-4ccc-bcd6-9ed019a559e5_40 ,46d5a837-c737-4ccc-bcd6-9ed019a559e5_41 ,
bb98d362-6e28-4968-9ca5-67f1c3232f10_9  ,bb98d362-6e28-4968-9ca5-67f1c3232f10_10 ,
46d5a837-c737-4ccc-bcd6-9ed019a559e5_48 ,46d5a837-c737-4ccc-bcd6-9ed019a559e5_47 ,
bb98d362-6e28-4968-9ca5-67f1c3232f10_17 ,bb98d362-6e28-4968-9ca5-67f1c3232f10_16 ,
46d5a837-c737-4ccc-bcd6-9ed019a559e5_41 ,46d5a837-c737-4ccc-bcd6-9ed019a559e5_42 ,
bb98d362-6e28-4968-9ca5-67f1c3232f10_10 ,bb98d362-6e28-4968-9ca5-67f1c3232f10_11 ,
46d5a837-c737-4ccc-bcd6-9ed019a559e5_47 ,46d5a837-c737-4ccc-bcd6-9ed019a559e5_46 ,
bb98d362-6e28-4968-9ca5-67f1c3232f10_16 ,bb98d362-6e28-4968-9ca5-67f1c3232f10_15 ,
46d5a837-c737-4ccc-bcd6-9ed019a559e5_42 ,46d5a837-c737-4ccc-bcd6-9ed019a559e5_43 ,
bb98d362-6e28-4968-9ca5-67f1c3232f10_11 ,bb98d362-6e28-4968-9ca5-67f1c3232f10_12 ,
46d5a837-c737-4ccc-bcd6-9ed019a559e5_46 ,46d5a837-c737-4ccc-bcd6-9ed019a559e5_45 ,
bb98d362-6e28-4968-9ca5-67f1c3232f10_15 ,bb98d362-6e28-4968-9ca5-67f1c3232f10_14 ,
46d5a837-c737-4ccc-bcd6-9ed019a559e5_43 ,46d5a837-c737-4ccc-bcd6-9ed019a559e5_44 ,
bb98d362-6e28-4968-9ca5-67f1c3232f10_12 ,46d5a837-c737-4ccc-bcd6-9ed019a559e5_44 ,
bb98d362-6e28-4968-9ca5-67f1c3232f10_12 ,46d5a837-c737-4ccc-bcd6-9ed019a559e5_45 ,
46d5a837-c737-4ccc-bcd6-9ed019a559e5_45 ,46d5a837-c737-4ccc-bcd6-9ed019a559e5_44 ,
46d5a837-c737-4ccc-bcd6-9ed019a559e5_45 ,bb98d362-6e28-4968-9ca5-67f1c3232f10_14 ,
bb98d362-6e28-4968-9ca5-67f1c3232f10_14 ,46d5a837-c737-4ccc-bcd6-9ed019a559e5_44 ,
bb98d362-6e28-4968-9ca5-67f1c3232f10_20 ,bb98d362-6e28-4968-9ca5-67f1c3232f10_21 ,
bb98d362-6e28-4968-9ca5-67f1c3232f10_21 ,bb98d362-6e28-4968-9ca5-67f1c3232f10_22 ,
bb98d362-6e28-4968-9ca5-67f1c3232f10_22 ,bb98d362-6e28-4968-9ca5-67f1c3232f10_23 ,
bb98d362-6e28-4968-9ca5-67f1c3232f10_23 ,bb98d362-6e28-4968-9ca5-67f1c3232f10_24 ,
bb98d362-6e28-4968-9ca5-67f1c3232f10_24 ,bb98d362-6e28-4968-9ca5-67f1c3232f10_25 ,
bb98d362-6e28-4968-9ca5-67f1c3232f10_25 ,bb98d362-6e28-4968-9ca5-67f1c3232f10_26 ,
edb9ec8c-1c0d-4127-bbb5-74c4694c5dfc_20 ,bb98d362-6e28-4968-9ca5-67f1c3232f10_26 ,
edb9ec8c-1c0d-4127-bbb5-74c4694c5dfc_20 ,bb98d362-6e28-4968-9ca5-67f1c3232f10_27 ,
bb98d362-6e28-4968-9ca5-67f1c3232f10_27 ,edb9ec8c-1c0d-4127-bbb5-74c4694c5dfc_21 ,
edb9ec8c-1c0d-4127-bbb5-74c4694c5dfc_22 ,edb9ec8c-1c0d-4127-bbb5-74c4694c5dfc_21 ,
bb98d362-6e28-4968-9ca5-67f1c3232f10_26 ,edb9ec8c-1c0d-4127-bbb5-74c4694c5dfc_21 ,
46d5a837-c737-4ccc-bcd6-9ed019a559e5_51 ,46d5a837-c737-4ccc-bcd6-9ed019a559e5_52 ,
46d5a837-c737-4ccc-bcd6-9ed019a559e5_52 ,46d5a837-c737-4ccc-bcd6-9ed019a559e5_53 ,
46d5a837-c737-4ccc-bcd6-9ed019a559e5_53 ,46d5a837-c737-4ccc-bcd6-9ed019a559e5_54 ,
46d5a837-c737-4ccc-bcd6-9ed019a559e5_54 ,46d5a837-c737-4ccc-bcd6-9ed019a559e5_55 ,
46d5a837-c737-4ccc-bcd6-9ed019a559e5_55 ,46d5a837-c737-4ccc-bcd6-9ed019a559e5_56 ,
46d5a837-c737-4ccc-bcd6-9ed019a559e5_56 ,46d5a837-c737-4ccc-bcd6-9ed019a559e5_57 ,
46d5a837-c737-4ccc-bcd6-9ed019a559e5_57 ,46d5a837-c737-4ccc-bcd6-9ed019a559e5_58 ,
46d5a837-c737-4ccc-bcd6-9ed019a559e5_58 ,46d5a837-c737-4ccc-bcd6-9ed019a559e5_59 ,
46d5a837-c737-4ccc-bcd6-9ed019a559e5_59 ,46d5a837-c737-4ccc-bcd6-9ed019a559e5_60 ,
a23de270-6f78-4b8c-a94f-c33066027738_7  ,a23de270-6f78-4b8c-a94f-c33066027738_8  ,
a23de270-6f78-4b8c-a94f-c33066027738_8  ,a23de270-6f78-4b8c-a94f-c33066027738_9  ,
a23de270-6f78-4b8c-a94f-c33066027738_9  ,a23de270-6f78-4b8c-a94f-c33066027738_10 ,
a23de270-6f78-4b8c-a94f-c33066027738_10 ,a23de270-6f78-4b8c-a94f-c33066027738_11 ,
46d5a837-c737-4ccc-bcd6-9ed019a559e5_64 ,a23de270-6f78-4b8c-a94f-c33066027738_11 ,
a23de270-6f78-4b8c-a94f-c33066027738_12 ,a23de270-6f78-4b8c-a94f-c33066027738_11 ,
a23de270-6f78-4b8c-a94f-c33066027738_12 ,a23de270-6f78-4b8c-a94f-c33066027738_13 ,
a23de270-6f78-4b8c-a94f-c33066027738_13 ,a23de270-6f78-4b8c-a94f-c33066027738_14 ,
a23de270-6f78-4b8c-a94f-c33066027738_14 ,a23de270-6f78-4b8c-a94f-c33066027738_15 ,
46d5a837-c737-4ccc-bcd6-9ed019a559e5_60 ,46d5a837-c737-4ccc-bcd6-9ed019a559e5_61 ,
46d5a837-c737-4ccc-bcd6-9ed019a559e5_61 ,46d5a837-c737-4ccc-bcd6-9ed019a559e5_62 ,
46d5a837-c737-4ccc-bcd6-9ed019a559e5_62 ,a23de270-6f78-4b8c-a94f-c33066027738_11 ,
a23de270-6f78-4b8c-a94f-c33066027738_15 ,a23de270-6f78-4b8c-a94f-c33066027738_16 ,
bb98d362-6e28-4968-9ca5-67f1c3232f10_8  ,bb98d362-6e28-4968-9ca5-67f1c3232f10_7  ,
bb98d362-6e28-4968-9ca5-67f1c3232f10_7  ,bb98d362-6e28-4968-9ca5-67f1c3232f10_6  ,
bb98d362-6e28-4968-9ca5-67f1c3232f10_6  ,bb98d362-6e28-4968-9ca5-67f1c3232f10_5  ,
bb98d362-6e28-4968-9ca5-67f1c3232f10_5  ,bb98d362-6e28-4968-9ca5-67f1c3232f10_4  ,
26956ab1-6006-410f-8761-8c5336af7478_42 ,26956ab1-6006-410f-8761-8c5336af7478_43 ,
bb98d362-6e28-4968-9ca5-67f1c3232f10_2  ,26956ab1-6006-410f-8761-8c5336af7478_43 ,
bb98d362-6e28-4968-9ca5-67f1c3232f10_2  ,26956ab1-6006-410f-8761-8c5336af7478_44 ,
26956ab1-6006-410f-8761-8c5336af7478_45 ,26956ab1-6006-410f-8761-8c5336af7478_44 ,
bb98d362-6e28-4968-9ca5-67f1c3232f10_4  ,bb98d362-6e28-4968-9ca5-67f1c3232f10_3  ,
26956ab1-6006-410f-8761-8c5336af7478_43 ,bb98d362-6e28-4968-9ca5-67f1c3232f10_3  ,
bb98d362-6e28-4968-9ca5-67f1c3232f10_3  ,26956ab1-6006-410f-8761-8c5336af7478_44 ,
316f45e4-c14a-44ee-b92f-b5521aa1a86b_6  ,316f45e4-c14a-44ee-b92f-b5521aa1a86b_7  ,
316f45e4-c14a-44ee-b92f-b5521aa1a86b_7  ,316f45e4-c14a-44ee-b92f-b5521aa1a86b_8  ,
316f45e4-c14a-44ee-b92f-b5521aa1a86b_8  ,316f45e4-c14a-44ee-b92f-b5521aa1a86b_9  ,
316f45e4-c14a-44ee-b92f-b5521aa1a86b_9  ,316f45e4-c14a-44ee-b92f-b5521aa1a86b_10 ,
26956ab1-6006-410f-8761-8c5336af7478_12 ,26956ab1-6006-410f-8761-8c5336af7478_13 ,
26956ab1-6006-410f-8761-8c5336af7478_13 ,316f45e4-c14a-44ee-b92f-b5521aa1a86b_10 ,
316f45e4-c14a-44ee-b92f-b5521aa1a86b_10 ,26956ab1-6006-410f-8761-8c5336af7478_14 ,
26956ab1-6006-410f-8761-8c5336af7478_14 ,26956ab1-6006-410f-8761-8c5336af7478_15 ,
26956ab1-6006-410f-8761-8c5336af7478_15 ,26956ab1-6006-410f-8761-8c5336af7478_16 ,
26956ab1-6006-410f-8761-8c5336af7478_16 ,26956ab1-6006-410f-8761-8c5336af7478_17 ,
26956ab1-6006-410f-8761-8c5336af7478_17 ,26956ab1-6006-410f-8761-8c5336af7478_18 ,
79f54743-f060-4b70-b111-00fa146c9ed1_21 ,79f54743-f060-4b70-b111-00fa146c9ed1_22 ,
79f54743-f060-4b70-b111-00fa146c9ed1_22 ,79f54743-f060-4b70-b111-00fa146c9ed1_23 ,
79f54743-f060-4b70-b111-00fa146c9ed1_23 ,79f54743-f060-4b70-b111-00fa146c9ed1_24 ,
79f54743-f060-4b70-b111-00fa146c9ed1_24 ,79f54743-f060-4b70-b111-00fa146c9ed1_25 ,
79f54743-f060-4b70-b111-00fa146c9ed1_25 ,79f54743-f060-4b70-b111-00fa146c9ed1_26 ,
26956ab1-6006-410f-8761-8c5336af7478_2  ,79f54743-f060-4b70-b111-00fa146c9ed1_26 ,
79f54743-f060-4b70-b111-00fa146c9ed1_26 ,26956ab1-6006-410f-8761-8c5336af7478_3  ,
